environment,instance,algorithm_description,solution_cost,nodes_expanded,nodes_generated,total_time_ms,memory_peak_kb,count_enqueue,time_enqueue_ns,count_dequeue,time_dequeue_ns,count_rebuild,time_rebuild_ns,count_decrease_key,time_decrease_key_ns,count_stale_pops,count_update_pushes,wasted_time_ns,total_overhead_ns,instance_number
random_grid,0,ANA* with IndexedHeap (D=2),21293,47045440,54184357.0,9786.98,610784.0,47045445.0,1829830000.0,47045445.0,3680440000.0,819.0,247186000.0,7138913.0,284658000.0,0.0,34223445.0,0.0,6042110000.0,1
random_grid,0,"ANA* with RealBucketHeap (a=1, b=1, D=2)",21293,35756399,42541476.0,11900.7,2491792.0,42541477.0,3375630000.0,42541477.0,4589480000.0,795.0,84680400.0,0.0,0.0,6785032.0,22580565.0,731986000.0,8049800000.0,2
random_grid,0,"ANA* with RealBucketHeap (a=25, b=1, D=2)",21293,48254977,54981841.0,7464.28,2491792.0,54981842.0,1853370000.0,54981842.0,1971710000.0,577.0,35801600.0,0.0,0.0,6725957.0,35020929.0,241200000.0,3860870000.0,3
random_grid,0,"ANA* with RealBucketHeap (a=50, b=1, D=2)",21293,63229867,70407373.0,8478.64,2491792.0,70407374.0,2007590000.0,70407374.0,2084170000.0,394.0,29376700.0,0.0,0.0,7176488.0,50446461.0,212436000.0,4121140000.0,4
random_grid,0,"ANA* with RealBucketHeap (a=100, b=1, D=2)",21293,80745202,88900965.0,10026.0,2491792.0,88900966.0,2266910000.0,88900966.0,2247930000.0,196.0,20236700.0,0.0,0.0,8154610.0,68940053.0,206196000.0,4535080000.0,5
random_grid,0,"ANA* with RealBucketHeap (a=150, b=1, D=2)",21293,96916372,106121709.0,11478.3,2491792.0,106121710.0,2532490000.0,106121710.0,2473320000.0,243.0,27570400.0,0.0,0.0,9202968.0,86160797.0,214488000.0,5033370000.0,6
random_grid,0,"ANA* with RealBucketHeap (a=200, b=1, D=2)",21293,115202564,125957181.0,12659.1,2491792.0,125957182.0,2764240000.0,125957182.0,2666300000.0,207.0,20140200.0,0.0,0.0,10751434.0,105996269.0,227590000.0,5450680000.0,7
random_grid,0,"ANA* with RealBucketHeap (a=250, b=1, D=2)",21293,119670790,131228091.0,13808.2,2491792.0,131228092.0,2970130000.0,131228092.0,2823000000.0,105.0,11306100.0,0.0,0.0,11554111.0,111267179.0,248553000.0,5804430000.0,8
random_grid,1,ANA* with IndexedHeap (D=2),21315,96196799,106247030.0,17937.8,2491792.0,96196802.0,3652570000.0,96196802.0,7146770000.0,391.0,165752000.0,10050229.0,378224000.0,0.0,86289480.0,0.0,11343300000.0,9
random_grid,1,"ANA* with RealBucketHeap (a=1, b=1, D=2)",21315,97258317,107721027.0,22938.1,2566212.0,107721028.0,5724370000.0,107721028.0,9476440000.0,390.0,52026300.0,0.0,0.0,10462110.0,87763477.0,920373000.0,15252800000.0,10
random_grid,1,"ANA* with RealBucketHeap (a=25, b=1, D=2)",21315,114401336,122926478.0,16600.8,2566212.0,122926479.0,4164150000.0,122926479.0,4783990000.0,631.0,41956300.0,0.0,0.0,8524354.0,102968924.0,331746000.0,8990090000.0,11
random_grid,1,"ANA* with RealBucketHeap (a=50, b=1, D=2)",21315,161237543,170308750.0,20663.3,2566212.0,170308751.0,4974760000.0,170308751.0,5560290000.0,592.0,47059400.0,0.0,0.0,9069978.0,150351196.0,296119000.0,10582100000.0,12
random_grid,1,"ANA* with RealBucketHeap (a=100, b=1, D=2)",21315,152200996,161699344.0,17887.7,2566212.0,161699345.0,4142100000.0,161699345.0,4320290000.0,415.0,38430100.0,0.0,0.0,9496291.0,141741790.0,253722000.0,8500820000.0,13
random_grid,1,"ANA* with RealBucketHeap (a=150, b=1, D=2)",21315,189501451,200850744.0,21338.1,2566212.0,200850745.0,4831590000.0,200850745.0,4908760000.0,282.0,31073700.0,0.0,0.0,11346797.0,180893190.0,277314000.0,9771420000.0,14
random_grid,1,"ANA* with RealBucketHeap (a=200, b=1, D=2)",21315,189815168,202259063.0,20858.6,2566212.0,202259064.0,4648070000.0,202259064.0,4638390000.0,286.0,34286200.0,0.0,0.0,12441726.0,182301509.0,285325000.0,9320740000.0,15
random_grid,1,"ANA* with RealBucketHeap (a=250, b=1, D=2)",21315,194147585,207712593.0,21126.1,2566212.0,207712594.0,4639950000.0,207712594.0,4552290000.0,157.0,22173500.0,0.0,0.0,13560509.0,187755039.0,297196000.0,9214420000.0,16
random_grid,2,ANA* with IndexedHeap (D=2),21260,30924980,37258676.0,7125.33,2566212.0,30924985.0,1100500000.0,30924985.0,2737680000.0,333.0,132652000.0,6333692.0,260619000.0,0.0,17298763.0,0.0,4231450000.0,17
random_grid,2,"ANA* with RealBucketHeap (a=1, b=1, D=2)",21260,33207494,39874554.0,10608.7,2566212.0,39874555.0,2799840000.0,39874555.0,4207880000.0,428.0,50241600.0,0.0,0.0,6665841.0,19914641.0,703433000.0,7057960000.0,18
random_grid,2,"ANA* with RealBucketHeap (a=25, b=1, D=2)",21260,41299121,47606268.0,6657.02,2566212.0,47606269.0,1648150000.0,47606269.0,1718940000.0,428.0,25625600.0,0.0,0.0,6306327.0,27646353.0,227705000.0,3392710000.0,19
random_grid,2,"ANA* with RealBucketHeap (a=50, b=1, D=2)",21260,51587768,58179859.0,7261.42,2566212.0,58179860.0,1705770000.0,58179860.0,1756420000.0,233.0,19326600.0,0.0,0.0,6590925.0,38219944.0,198977000.0,3481520000.0,20
random_grid,2,"ANA* with RealBucketHeap (a=100, b=1, D=2)",21260,67344658,74910578.0,8355.06,2566212.0,74910579.0,1891100000.0,74910579.0,1853480000.0,204.0,18156200.0,0.0,0.0,7563382.0,54950663.0,187138000.0,3762740000.0,21
random_grid,2,"ANA* with RealBucketHeap (a=150, b=1, D=2)",21260,84588110,93401331.0,9989.45,2566212.0,93401332.0,2216380000.0,93401332.0,2142030000.0,233.0,25156700.0,0.0,0.0,8809530.0,73441416.0,202034000.0,4383570000.0,22
random_grid,2,"ANA* with RealBucketHeap (a=200, b=1, D=2)",21260,103465999,113600167.0,11877.7,2566212.0,113600168.0,2602170000.0,113600168.0,2487800000.0,181.0,16164900.0,0.0,0.0,10131654.0,93640252.0,221880000.0,5106140000.0,23
random_grid,2,"ANA* with RealBucketHeap (a=250, b=1, D=2)",21260,115013283,126459349.0,12923.0,2566212.0,126459350.0,2804260000.0,126459350.0,2681890000.0,199.0,23440200.0,0.0,0.0,11438324.0,106499434.0,242578000.0,5509590000.0,24
random_grid,3,ANA* with IndexedHeap (D=2),21222,46387308,53327208.0,9765.43,2566212.0,46387316.0,1691710000.0,46387316.0,3859320000.0,310.0,128115000.0,6939893.0,282328000.0,0.0,33372311.0,0.0,5961470000.0,25
random_grid,3,"ANA* with RealBucketHeap (a=1, b=1, D=2)",21222,43080148,49807585.0,12440.5,2566780.0,49807586.0,3263460000.0,49807586.0,5035750000.0,343.0,40341500.0,0.0,0.0,6726673.0,29852688.0,680094000.0,8339540000.0,26
random_grid,3,"ANA* with RealBucketHeap (a=25, b=1, D=2)",21222,56065847,62719695.0,8604.25,2566780.0,62719696.0,2144040000.0,62719696.0,2346930000.0,463.0,28618200.0,0.0,0.0,6653408.0,42764791.0,248966000.0,4519580000.0,27
random_grid,3,"ANA* with RealBucketHeap (a=50, b=1, D=2)",21222,88477124,96202450.0,11719.4,2566780.0,96202451.0,2800150000.0,96202451.0,3016150000.0,624.0,46021200.0,0.0,0.0,7724144.0,76247549.0,242168000.0,5862320000.0,28
random_grid,3,"ANA* with RealBucketHeap (a=100, b=1, D=2)",21222,84676053,92853932.0,10342.2,2566780.0,92853933.0,2364560000.0,92853933.0,2366200000.0,257.0,22401200.0,0.0,0.0,8176193.0,72899028.0,208354000.0,4753160000.0,29
random_grid,3,"ANA* with RealBucketHeap (a=150, b=1, D=2)",21222,97025528,106022955.0,11218.7,2566780.0,106022956.0,2507700000.0,106022956.0,2458090000.0,190.0,17968300.0,0.0,0.0,8994682.0,86068051.0,208538000.0,4983770000.0,30
random_grid,3,"ANA* with RealBucketHeap (a=200, b=1, D=2)",21222,120552591,131429837.0,13456.9,2566780.0,131429838.0,2969420000.0,131429838.0,2861630000.0,154.0,19707900.0,0.0,0.0,10874810.0,111474934.0,236778000.0,5850760000.0,31
random_grid,3,"ANA* with RealBucketHeap (a=250, b=1, D=2)",21222,126931225,138840648.0,14009.2,2566780.0,138840649.0,3044440000.0,138840649.0,2931910000.0,155.0,19786700.0,0.0,0.0,11908039.0,118885744.0,251463000.0,5996140000.0,32
random_grid,5,ANA* with IndexedHeap (D=2),21267,62541866,70495751.0,12395.4,2566780.0,62541876.0,2405940000.0,62541876.0,4743240000.0,772.0,287454000.0,7953876.0,315189000.0,0.0,50542810.0,0.0,7751830000.0,33
random_grid,5,"ANA* with RealBucketHeap (a=1, b=1, D=2)",21267,45645838,53003733.0,13683.6,2575860.0,53003734.0,3625100000.0,53003734.0,5597090000.0,403.0,47446200.0,0.0,0.0,7356645.0,33050793.0,776847000.0,9269630000.0,34
random_grid,5,"ANA* with RealBucketHeap (a=25, b=1, D=2)",21267,53232544,59818723.0,8455.38,2575860.0,59818724.0,2126680000.0,59818724.0,2209750000.0,409.0,28956300.0,0.0,0.0,6585248.0,39865778.0,243264000.0,4365390000.0,35
random_grid,5,"ANA* with RealBucketHeap (a=50, b=1, D=2)",21267,60920112,67799693.0,8417.82,2575860.0,67799694.0,2010080000.0,67799694.0,2025870000.0,447.0,33839200.0,0.0,0.0,6878399.0,47846745.0,205528000.0,4069790000.0,36
random_grid,5,"ANA* with RealBucketHeap (a=100, b=1, D=2)",21267,81035878,89207117.0,10006.0,2575860.0,89207118.0,2287440000.0,89207118.0,2231980000.0,349.0,32138400.0,0.0,0.0,8168190.0,69254169.0,204370000.0,4551560000.0,37
random_grid,5,"ANA* with RealBucketHeap (a=150, b=1, D=2)",21267,107246407,116926876.0,12417.7,2575860.0,116926877.0,2775150000.0,116926877.0,2734570000.0,378.0,38025400.0,0.0,0.0,9675832.0,96973927.0,226289000.0,5547750000.0,38
random_grid,5,"ANA* with RealBucketHeap (a=200, b=1, D=2)",21267,107388338,117776403.0,12250.5,2575860.0,117776404.0,2688330000.0,117776404.0,2571250000.0,188.0,22483600.0,0.0,0.0,10383004.0,97823454.0,226678000.0,5282070000.0,39
random_grid,5,"ANA* with RealBucketHeap (a=250, b=1, D=2)",21267,121750342,132978717.0,13502.6,2575860.0,132978718.0,2930720000.0,132978718.0,2792510000.0,163.0,17578800.0,0.0,0.0,11223476.0,113025768.0,235689000.0,5740810000.0,40
random_grid,9,ANA* with IndexedHeap (D=2),21214,74770251,83052698.0,14868.8,2575860.0,74770252.0,2886940000.0,74770252.0,5884290000.0,314.0,181869000.0,8282447.0,334084000.0,0.0,63093643.0,0.0,9287190000.0,41
random_grid,9,"ANA* with RealBucketHeap (a=1, b=1, D=2)",21214,69429096,77318796.0,17503.6,2576620.0,77318797.0,4343280000.0,77318797.0,7241900000.0,299.0,40355100.0,0.0,0.0,7889694.0,57359741.0,738971000.0,11625500000.0,42
random_grid,9,"ANA* with RealBucketHeap (a=25, b=1, D=2)",21214,93868199,102279699.0,13558.6,2576620.0,102279700.0,3390350000.0,102279700.0,3865210000.0,506.0,36948500.0,0.0,0.0,8410628.0,82320642.0,317843000.0,7292510000.0,43
random_grid,9,"ANA* with RealBucketHeap (a=50, b=1, D=2)",21214,96634663,104964765.0,12591.5,2576620.0,104964766.0,3021460000.0,104964766.0,3236380000.0,311.0,25066200.0,0.0,0.0,8328992.0,85005708.0,256808000.0,6282900000.0,44
random_grid,9,"ANA* with RealBucketHeap (a=100, b=1, D=2)",21214,107401566,116451506.0,12926.2,2576620.0,116451507.0,2974330000.0,116451507.0,2996010000.0,225.0,21802400.0,0.0,0.0,9047911.0,96492449.0,232781000.0,5992140000.0,45
random_grid,9,"ANA* with RealBucketHeap (a=150, b=1, D=2)",21214,141153526,152008611.0,16200.0,2576620.0,152008612.0,3632680000.0,152008612.0,3630250000.0,170.0,19841300.0,0.0,0.0,10853216.0,132049554.0,259195000.0,7282770000.0,46
random_grid,9,"ANA* with RealBucketHeap (a=200, b=1, D=2)",21214,143222751,155161385.0,16137.4,2576620.0,155161386.0,3568560000.0,155161386.0,3469540000.0,148.0,19906900.0,0.0,0.0,11936363.0,135202328.0,266907000.0,7058010000.0,47
random_grid,9,"ANA* with RealBucketHeap (a=250, b=1, D=2)",21214,153728981,166811281.0,17038.4,2576620.0,166811282.0,3730830000.0,166811282.0,3584860000.0,181.0,23577200.0,0.0,0.0,13075476.0,146852224.0,280998000.0,7339260000.0,48
random_grid,10,ANA* with IndexedHeap (D=2),21219,63976353,72083303.0,13000.8,2576620.0,63976354.0,2511020000.0,63976354.0,4849900000.0,1505.0,562860000.0,8106950.0,318062000.0,0.0,52124160.0,0.0,8241840000.0,49
random_grid,10,"ANA* with RealBucketHeap (a=1, b=1, D=2)",21219,41748967,49029412.0,12491.0,2595488.0,49029413.0,3203580000.0,49029413.0,5066860000.0,1387.0,130105000.0,0.0,0.0,7280053.0,29070269.0,752344000.0,8400540000.0,50
random_grid,10,"ANA* with RealBucketHeap (a=25, b=1, D=2)",21219,52634733,59750560.0,8189.91,2595488.0,59750561.0,2045410000.0,59750561.0,2181390000.0,444.0,28827400.0,0.0,0.0,7115596.0,39791412.0,259778000.0,4255620000.0,51
random_grid,10,"ANA* with RealBucketHeap (a=50, b=1, D=2)",21219,63594549,70913649.0,8589.22,2595488.0,70913650.0,2029640000.0,70913650.0,2122860000.0,426.0,31575800.0,0.0,0.0,7318499.0,50954501.0,219086000.0,4184080000.0,52
random_grid,10,"ANA* with RealBucketHeap (a=100, b=1, D=2)",21219,82363313,90822930.0,10002.4,2595488.0,90822931.0,2280620000.0,90822931.0,2266500000.0,299.0,27675900.0,0.0,0.0,8458251.0,70863782.0,211077000.0,4574800000.0,53
random_grid,10,"ANA* with RealBucketHeap (a=150, b=1, D=2)",21219,84366180,93083925.0,9888.4,2595488.0,93083926.0,2200360000.0,93083926.0,2110750000.0,160.0,15385600.0,0.0,0.0,8714918.0,73124777.0,197618000.0,4326500000.0,54
random_grid,10,"ANA* with RealBucketHeap (a=200, b=1, D=2)",21219,120855913,131967242.0,13677.8,2595488.0,131967243.0,3002070000.0,131967243.0,2910340000.0,225.0,22226200.0,0.0,0.0,11108530.0,112008094.0,244982000.0,5934640000.0,55
random_grid,10,"ANA* with RealBucketHeap (a=250, b=1, D=2)",21219,118663811,130334957.0,13106.5,2595488.0,130334958.0,2838500000.0,130334958.0,2699550000.0,104.0,11905800.0,0.0,0.0,11664382.0,110375809.0,241598000.0,5549960000.0,56
random_grid,11,ANA* with IndexedHeap (D=2),21315,44923123,52642105.0,9382.46,2595488.0,44923128.0,1665150000.0,44923128.0,3544170000.0,567.0,230145000.0,7718978.0,301203000.0,0.0,32680008.0,0.0,5740670000.0,57
random_grid,11,"ANA* with RealBucketHeap (a=1, b=1, D=2)",21315,33835590,40630687.0,10432.2,2595488.0,40630688.0,2723990000.0,40630688.0,4149350000.0,414.0,46548700.0,0.0,0.0,6794864.0,20668590.0,693915000.0,6919890000.0,58
random_grid,11,"ANA* with RealBucketHeap (a=25, b=1, D=2)",21315,61745362,68945449.0,9224.13,2595488.0,68945450.0,2298190000.0,68945450.0,2538770000.0,745.0,50313300.0,0.0,0.0,7199489.0,48983350.0,265106000.0,4887280000.0,59
random_grid,11,"ANA* with RealBucketHeap (a=50, b=1, D=2)",21315,70988420,78609645.0,9506.96,2595488.0,78609646.0,2247020000.0,78609646.0,2373900000.0,891.0,60963700.0,0.0,0.0,7620459.0,58647545.0,230127000.0,4681880000.0,60
random_grid,11,"ANA* with RealBucketHeap (a=100, b=1, D=2)",21315,87782127,96405903.0,10677.1,2595488.0,96405904.0,2436680000.0,96405904.0,2434880000.0,367.0,34426300.0,0.0,0.0,8621894.0,76443803.0,217760000.0,4905990000.0,61
random_grid,11,"ANA* with RealBucketHeap (a=150, b=1, D=2)",21315,121733810,,,,,,,,,,,,,,,,62
random_grid,0,ANA* with IndexedHeap (D=2),21250,52652755,60800903.0,11481.1,610804.0,52652755.0,2090860000.0,52652755.0,4312480000.0,739.0,391332000.0,8148149.0,334257000.0,0.0,40841921.0,0.0,7128930000.0,63
random_grid,0,"ANA* with RealBucketHeap (a=1, b=1, D=2)",21250,50653362,58590492.0,15175.7,2571420.0,58590493.0,4261410000.0,58590493.0,5950410000.0,587.0,73728400.0,0.0,0.0,7937131.0,38631510.0,806090000.0,10285600000.0,64
random_grid,0,"ANA* with RealBucketHeap (a=25, b=1, D=2)",21250,67826302,75374521.0,10583.0,2571420.0,75374522.0,2641870000.0,75374522.0,2852810000.0,607.0,45532400.0,0.0,0.0,7547009.0,55415539.0,285643000.0,5540210000.0,65
random_grid,0,"ANA* with RealBucketHeap (a=50, b=1, D=2)",21250,62422950,69434891.0,8715.54,2571420.0,69434892.0,2053410000.0,69434892.0,2135670000.0,471.0,39464800.0,0.0,0.0,7010663.0,49475909.0,215633000.0,4228540000.0,66
random_grid,0,"ANA* with RealBucketHeap (a=100, b=1, D=2)",21250,104036347,113309981.0,12617.4,2571420.0,113309982.0,2862740000.0,113309982.0,2894440000.0,399.0,41091900.0,0.0,0.0,9270115.0,93350999.0,236800000.0,5798270000.0,67
random_grid,0,"ANA* with RealBucketHeap (a=150, b=1, D=2)",21250,106246595,115888999.0,12558.9,2571420.0,115889000.0,2788010000.0,115889000.0,2728540000.0,267.0,35760300.0,0.0,0.0,9639097.0,95930017.0,226947000.0,5552310000.0,68
random_grid,0,"ANA* with RealBucketHeap (a=200, b=1, D=2)",21250,131805769,143711500.0,14786.9,2571420.0,143711501.0,3238260000.0,143711501.0,3138280000.0,212.0,31106100.0,0.0,0.0,11898672.0,123752518.0,259835000.0,6407640000.0,69
random_grid,0,"ANA* with RealBucketHeap (a=250, b=1, D=2)",21250,141845767,154339897.0,16011.8,2571420.0,154339898.0,3456210000.0,154339898.0,3330660000.0,206.0,30099400.0,0.0,0.0,12488536.0,134380915.0,269503000.0,6816970000.0,70
random_grid,1,ANA* with IndexedHeap (D=2),21257,61227148,69294940.0,12664.2,2571420.0,61227161.0,2358950000.0,61227161.0,4920880000.0,441.0,159565000.0,8067780.0,328343000.0,0.0,49333310.0,0.0,7767740000.0,71
random_grid,1,"ANA* with RealBucketHeap (a=1, b=1, D=2)",21257,50039279,57866795.0,14095.6,2590240.0,57866796.0,3732640000.0,57866796.0,5644440000.0,333.0,40867300.0,0.0,0.0,7825146.0,37905165.0,763280000.0,9417940000.0,72
random_grid,1,"ANA* with RealBucketHeap (a=25, b=1, D=2)",21257,57272561,64425700.0,9098.67,2590240.0,64425701.0,2292640000.0,64425701.0,2438950000.0,448.0,30393000.0,0.0,0.0,7151540.0,44464068.0,270734000.0,4761980000.0,73
random_grid,1,"ANA* with RealBucketHeap (a=50, b=1, D=2)",21257,65106738,72337756.0,8949.57,2590240.0,72337757.0,2130150000.0,72337757.0,2211590000.0,342.0,27260600.0,0.0,0.0,7229660.0,52376123.0,221033000.0,4369000000.0,74
random_grid,1,"ANA* with RealBucketHeap (a=100, b=1, D=2)",21257,82201393,90513254.0,9692.07,2590240.0,90513255.0,2217120000.0,90513255.0,2186550000.0,367.0,29338800.0,0.0,0.0,8309156.0,70551621.0,200726000.0,4433010000.0,75
random_grid,1,"ANA* with RealBucketHeap (a=150, b=1, D=2)",21257,101865737,111497887.0,11833.9,2590240.0,111497888.0,2639150000.0,111497888.0,2562410000.0,242.0,22913700.0,0.0,0.0,9628208.0,91536254.0,221273000.0,5224470000.0,76
random_grid,1,"ANA* with RealBucketHeap (a=200, b=1, D=2)",21257,110301088,120818407.0,12494.1,2590240.0,120818408.0,2748210000.0,120818408.0,2624400000.0,238.0,25709400.0,0.0,0.0,10513083.0,100856774.0,228364000.0,5398330000.0,77
random_grid,1,"ANA* with RealBucketHeap (a=250, b=1, D=2)",21257,133670415,145956739.0,14524.1,2590240.0,145956740.0,3147250000.0,145956740.0,3039780000.0,221.0,23587800.0,0.0,0.0,12278762.0,125995106.0,255725000.0,6210620000.0,78
random_grid,2,ANA* with IndexedHeap (D=2),21212,66607890,74833410.0,13551.8,2590240.0,66607899.0,2648640000.0,66607899.0,5225920000.0,608.0,262288000.0,8225512.0,334027000.0,0.0,54874705.0,0.0,8470870000.0,79
random_grid,2,"ANA* with RealBucketHeap (a=1, b=1, D=2)",21212,45136481,52296424.0,12530.8,2590240.0,52296425.0,3279340000.0,52296425.0,5029370000.0,399.0,46448900.0,0.0,0.0,7159035.0,32337717.0,688488000.0,8355160000.0,80
random_grid,2,"ANA* with RealBucketHeap (a=25, b=1, D=2)",21212,59145938,66131631.0,9108.6,2590240.0,66131632.0,2282590000.0,66131632.0,2464930000.0,538.0,34470800.0,0.0,0.0,6984525.0,46172925.0,260334000.0,4781980000.0,81
random_grid,2,"ANA* with RealBucketHeap (a=50, b=1, D=2)",21212,79390760,86984247.0,10992.1,2590240.0,86984248.0,2631020000.0,86984248.0,2756700000.0,342.0,27280100.0,0.0,0.0,7591496.0,67025539.0,240589000.0,5415010000.0,82
random_grid,2,"ANA* with RealBucketHeap (a=100, b=1, D=2)",21212,85992247,94074490.0,10227.4,2590240.0,94074491.0,2338090000.0,94074491.0,2330750000.0,168.0,16521900.0,0.0,0.0,8079741.0,74115782.0,200181000.0,4685370000.0,83
random_grid,2,"ANA* with RealBucketHeap (a=150, b=1, D=2)",21212,95045901,104401051.0,10925.3,2590240.0,104401052.0,2425290000.0,104401052.0,2347180000.0,169.0,14438500.0,0.0,0.0,9352513.0,84442343.0,210266000.0,4786900000.0,84
random_grid,2,"ANA* with RealBucketHeap (a=200, b=1, D=2)",21212,106597716,116907880.0,12042.1,2590240.0,116907881.0,2650200000.0,116907881.0,2498650000.0,75.0,7383920.0,0.0,0.0,10307614.0,96949172.0,220302000.0,5156230000.0,85
random_grid,2,"ANA* with RealBucketHeap (a=250, b=1, D=2)",21212,112484964,123486063.0,12299.7,2590240.0,123486064.0,2644920000.0,123486064.0,2498920000.0,198.0,20265300.0,0.0,0.0,10992907.0,103527355.0,222457000.0,5164100000.0,86
random_grid,3,ANA* with IndexedHeap (D=2),21239,46346530,53832603.0,10429.7,2590240.0,46346548.0,1799440000.0,46346548.0,4033040000.0,987.0,233979000.0,7486056.0,321245000.0,0.0,33875208.0,0.0,6387700000.0,87
random_grid,3,"ANA* with RealBucketHeap (a=1, b=1, D=2)",21239,52883679,60892564.0,14363.2,2590240.0,60892565.0,3728350000.0,60892565.0,5773220000.0,388.0,46574600.0,0.0,0.0,8008080.0,40935169.0,759246000.0,9548150000.0,88
random_grid,3,"ANA* with RealBucketHeap (a=25, b=1, D=2)",21239,62202551,69400654.0,9253.81,2590240.0,69400655.0,2314440000.0,69400655.0,2502460000.0,242.0,13727900.0,0.0,0.0,7197284.0,49443257.0,259521000.0,4830630000.0,89
random_grid,3,"ANA* with RealBucketHeap (a=50, b=1, D=2)",21239,79871847,87780677.0,11081.8,2590240.0,87780678.0,2645410000.0,87780678.0,2774520000.0,367.0,28682000.0,0.0,0.0,7907033.0,67823280.0,249921000.0,5448610000.0,90
random_grid,3,"ANA* with RealBucketHeap (a=100, b=1, D=2)",21239,93865635,102738665.0,11159.6,2590240.0,102738666.0,2560480000.0,102738666.0,2517310000.0,238.0,24017500.0,0.0,0.0,8871203.0,82781268.0,217363000.0,5101810000.0,91
random_grid,3,"ANA* with RealBucketHeap (a=150, b=1, D=2)",21239,101935091,111677029.0,11713.0,2590240.0,111677030.0,2617670000.0,111677030.0,2521210000.0,136.0,13555800.0,0.0,0.0,9738852.0,91719632.0,219863000.0,5152430000.0,92
random_grid,3,"ANA* with RealBucketHeap (a=200, b=1, D=2)",21239,127259715,138777747.0,14387.3,2590240.0,138777748.0,3177880000.0,138777748.0,3060680000.0,257.0,27434300.0,0.0,0.0,11510682.0,118820350.0,253862000.0,6265990000.0,93
random_grid,3,"ANA* with RealBucketHeap (a=250, b=1, D=2)",21239,140381955,152867754.0,15423.4,2590240.0,152867755.0,3350320000.0,152867755.0,3193180000.0,123.0,15470700.0,0.0,0.0,12481452.0,132910357.0,260719000.0,6558970000.0,94
random_grid,4,ANA* with IndexedHeap (D=2),21290,99324051,109081371.0,19669.6,2590240.0,99324056.0,3872470000.0,99324056.0,7789500000.0,429.0,258442000.0,9757316.0,399281000.0,0.0,89117990.0,0.0,12319700000.0,95
random_grid,4,"ANA* with RealBucketHeap (a=1, b=1, D=2)",21290,98551585,108459277.0,24038.2,2699340.0,108459278.0,5971910000.0,108459278.0,9865470000.0,654.0,80631400.0,0.0,0.0,9905441.0,88495896.0,901001000.0,15918000000.0,96
random_grid,4,"ANA* with RealBucketHeap (a=25, b=1, D=2)",21290,111989161,120816263.0,15900.1,2699340.0,120816264.0,3996040000.0,120816264.0,4536290000.0,767.0,51935400.0,0.0,0.0,8826174.0,100852882.0,331396000.0,8584270000.0,97
random_grid,4,"ANA* with RealBucketHeap (a=50, b=1, D=2)",21290,129724927,138572329.0,17204.1,2699340.0,138572330.0,4152360000.0,138572330.0,4505240000.0,526.0,45011700.0,0.0,0.0,8846056.0,118608948.0,287602000.0,8702620000.0,98
random_grid,4,"ANA* with RealBucketHeap (a=100, b=1, D=2)",21290,157682152,168238949.0,18245.3,2699340.0,168238950.0,4227730000.0,168238950.0,4355670000.0,675.0,65646700.0,0.0,0.0,10554628.0,148275568.0,273257000.0,8649040000.0,99
random_grid,4,"ANA* with RealBucketHeap (a=150, b=1, D=2)",21290,167034778,177906145.0,19158.6,2699340.0,177906146.0,4318290000.0,177906146.0,4352860000.0,335.0,38222100.0,0.0,0.0,10869925.0,157942764.0,265956000.0,8709370000.0,100
random_grid,4,"ANA* with RealBucketHeap (a=200, b=1, D=2)",21290,158214010,170449699.0,17344.9,2699340.0,170449700.0,3849760000.0,170449700.0,3769680000.0,301.0,38872200.0,0.0,0.0,12231979.0,150486318.0,270523000.0,7658310000.0,101
random_grid,4,"ANA* with RealBucketHeap (a=250, b=1, D=2)",21290,141515563,153709266.0,15643.1,2699340.0,153709267.0,3409450000.0,153709267.0,3302900000.0,237.0,31169800.0,0.0,0.0,12188575.0,133745885.0,261908000.0,6743520000.0,102
random_grid,5,ANA* with IndexedHeap (D=2),21331,76084089,85897448.0,14966.8,2699340.0,76084090.0,2877060000.0,76084090.0,5795170000.0,775.0,276681000.0,9813359.0,395366000.0,0.0,65939167.0,0.0,9344270000.0,103
random_grid,5,"ANA* with RealBucketHeap (a=1, b=1, D=2)",21331,76524323,86833287.0,19671.3,2699340.0,86833288.0,5024160000.0,86833288.0,7984240000.0,670.0,72999800.0,0.0,0.0,10308948.0,66875006.0,947898000.0,13081400000.0,104
random_grid,5,"ANA* with RealBucketHeap (a=25, b=1, D=2)",21331,96741615,106116098.0,14189.3,2699340.0,106116099.0,3553500000.0,106116099.0,3995750000.0,668.0,43489900.0,0.0,0.0,9373710.0,86157817.0,352962000.0,7592740000.0,105
random_grid,5,"ANA* with RealBucketHeap (a=50, b=1, D=2)",21331,95642441,104785234.0,12578.3,2699340.0,104785235.0,3011350000.0,104785235.0,3173560000.0,500.0,39916800.0,0.0,0.0,9141828.0,84826953.0,276872000.0,6224830000.0,106
random_grid,5,"ANA* with RealBucketHeap (a=100, b=1, D=2)",21331,143969266,154954178.0,17006.1,2699340.0,154954179.0,3912820000.0,154954179.0,4005980000.0,494.0,45072400.0,0.0,0.0,10982866.0,134995897.0,283937000.0,7963870000.0,107
random_grid,5,"ANA* with RealBucketHeap (a=150, b=1, D=2)",21331,117273444,128304373.0,13419.8,2699340.0,128304374.0,2998230000.0,128304374.0,2915450000.0,268.0,30993100.0,0.0,0.0,11026665.0,108346092.0,250558000.0,5944670000.0,108
random_grid,5,"ANA* with RealBucketHeap (a=200, b=1, D=2)",21331,175013087,188224217.0,19257.7,2699340.0,188224218.0,4275550000.0,188224218.0,4163120000.0,260.0,28773600.0,0.0,0.0,13207470.0,168265936.0,292121000.0,8467450000.0,109
random_grid,5,"ANA* with RealBucketHeap (a=250, b=1, D=2)",21331,165200426,178815433.0,18100.1,2699340.0,178815434.0,3956070000.0,178815434.0,3800180000.0,138.0,17363100.0,0.0,0.0,13610656.0,158857152.0,289254000.0,7773610000.0,110
random_grid,6,ANA* with IndexedHeap (D=2),21275,31518148,37946265.0,7254.8,2699340.0,31518152.0,1106450000.0,31518152.0,2759070000.0,482.0,207721000.0,6428114.0,266071000.0,0.0,17986361.0,0.0,4339310000.0,111
random_grid,6,"ANA* with RealBucketHeap (a=1, b=1, D=2)",21275,33809535,40682057.0,10880.8,2699340.0,40682058.0,2909140000.0,40682058.0,4297280000.0,622.0,66968700.0,0.0,0.0,6872137.0,20722153.0,725910000.0,7273390000.0,112
random_grid,6,"ANA* with RealBucketHeap (a=25, b=1, D=2)",21275,44895536,51477308.0,7142.52,2699340.0,51477309.0,1781210000.0,51477309.0,1870030000.0,298.0,20792200.0,0.0,0.0,6581000.0,31517404.0,239070000.0,3672030000.0,113
random_grid,6,"ANA* with RealBucketHeap (a=50, b=1, D=2)",21275,57555020,64603605.0,7926.83,2699340.0,64603606.0,1881560000.0,64603606.0,1918410000.0,279.0,23072600.0,0.0,0.0,7047102.0,44643701.0,209264000.0,3823040000.0,114
random_grid,6,"ANA* with RealBucketHeap (a=100, b=1, D=2)",21275,74584297,82434889.0,9141.74,2699340.0,82434890.0,2075610000.0,82434890.0,2020890000.0,313.0,27082900.0,0.0,0.0,7848110.0,62474985.0,192397000.0,4123590000.0,115
random_grid,6,"ANA* with RealBucketHeap (a=150, b=1, D=2)",21275,87982408,96969838.0,10236.7,2699340.0,96969839.0,2276110000.0,96969839.0,2187530000.0,170.0,19172800.0,0.0,0.0,8984809.0,77009934.0,202687000.0,4482810000.0,116
random_grid,6,"ANA* with RealBucketHeap (a=200, b=1, D=2)",21275,103275821,113402730.0,11761.8,2699340.0,113402731.0,2580500000.0,113402731.0,2458120000.0,108.0,12424700.0,0.0,0.0,10124649.0,93442826.0,219462000.0,5051050000.0,117
random_grid,6,"ANA* with RealBucketHeap (a=250, b=1, D=2)",21275,129719252,141674199.0,14416.0,2699340.0,141674200.0,3130740000.0,141674200.0,2978500000.0,164.0,22816400.0,0.0,0.0,11951976.0,121714295.0,251273000.0,6132050000.0,118
random_grid,7,ANA* with IndexedHeap (D=2),21251,64797629,73615697.0,12695.0,2699340.0,64797633.0,2475540000.0,64797633.0,4899810000.0,340.0,125384000.0,8818065.0,348749000.0,0.0,53655643.0,0.0,7849490000.0,119
random_grid,7,"ANA* with RealBucketHeap (a=1, b=1, D=2)",21251,47982459,55888513.0,13723.3,2699340.0,55888514.0,3563850000.0,55888514.0,5548220000.0,305.0,37483000.0,0.0,0.0,7905262.0,35928455.0,784779000.0,9149560000.0,120
random_grid,7,"ANA* with RealBucketHeap (a=25, b=1, D=2)",21251,62232992,69682781.0,9515.47,2699340.0,69682782.0,2387110000.0,69682782.0,2568730000.0,515.0,36275000.0,0.0,0.0,7448811.0,49722723.0,274586000.0,4992110000.0,121
random_grid,7,"ANA* with RealBucketHeap (a=50, b=1, D=2)",21251,79658241,87321173.0,10640.7,2699340.0,87321174.0,2544590000.0,87321174.0,2666110000.0,345.0,27866600.0,0.0,0.0,7662094.0,67361115.0,233940000.0,5238560000.0,122
random_grid,7,"ANA* with RealBucketHeap (a=100, b=1, D=2)",21251,111203354,120458867.0,13192.1,2699340.0,120458868.0,3028080000.0,120458868.0,3051210000.0,258.0,27447900.0,0.0,0.0,9253326.0,100498809.0,234386000.0,6106740000.0,123
random_grid,7,"ANA* with RealBucketHeap (a=150, b=1, D=2)",21251,112531330,122751075.0,12939.1,2699340.0,122751076.0,2892480000.0,122751076.0,2825760000.0,258.0,24252800.0,0.0,0.0,10216049.0,102791017.0,235176000.0,5742500000.0,124
random_grid,7,"ANA* with RealBucketHeap (a=200, b=1, D=2)",21251,152202996,163943475.0,16638.6,2699340.0,163943476.0,3684870000.0,163943476.0,3567190000.0,144.0,19267500.0,0.0,0.0,11738923.0,143983417.0,255423000.0,7271330000.0,125
random_grid,7,"ANA* with RealBucketHeap (a=250, b=1, D=2)",21251,144875993,157546754.0,16040.0,2699340.0,157546755.0,3493440000.0,157546755.0,3353340000.0,146.0,19898600.0,0.0,0.0,12668683.0,137586696.0,269650000.0,6866680000.0,126
random_grid,8,ANA* with IndexedHeap (D=2),21308,60973213,68885419.0,12261.2,2699340.0,60973224.0,2345190000.0,60973224.0,4612390000.0,1178.0,389354000.0,7912196.0,316468000.0,0.0,48931568.0,0.0,7663400000.0,127
random_grid,8,"ANA* with RealBucketHeap (a=1, b=1, D=2)",21308,45594044,53210238.0,13042.1,2699340.0,53210239.0,3422850000.0,53210239.0,5213270000.0,358.0,43963800.0,0.0,0.0,7614782.0,33256387.0,746058000.0,8680080000.0,128
random_grid,8,"ANA* with RealBucketHeap (a=25, b=1, D=2)",21308,50249499,56969012.0,7997.88,2699340.0,56969013.0,1987270000.0,56969013.0,2099490000.0,685.0,42685300.0,0.0,0.0,6718766.0,37015161.0,247608000.0,4129440000.0,129
random_grid,8,"ANA* with RealBucketHeap (a=50, b=1, D=2)",21308,67533706,75156310.0,9070.41,2699340.0,75156311.0,2140360000.0,75156311.0,2241540000.0,680.0,52762400.0,0.0,0.0,7620757.0,55202459.0,227290000.0,4434670000.0,130
random_grid,8,"ANA* with RealBucketHeap (a=100, b=1, D=2)",21308,96771667,105856687.0,11637.3,2699340.0,105856688.0,2649150000.0,105856688.0,2659380000.0,365.0,33686200.0,0.0,0.0,9082507.0,85902836.0,228175000.0,5342220000.0,131
random_grid,8,"ANA* with RealBucketHeap (a=150, b=1, D=2)",21308,116975450,127198389.0,13475.1,2699340.0,127198390.0,3011610000.0,127198390.0,2967300000.0,293.0,33764000.0,0.0,0.0,10220361.0,107244538.0,238422000.0,6012670000.0,132
random_grid,8,"ANA* with RealBucketHeap (a=200, b=1, D=2)",21308,119482760,130667360.0,13370.2,2699340.0,130667361.0,2938260000.0,130667361.0,2836190000.0,254.0,36284300.0,0.0,0.0,11179924.0,110713509.0,242665000.0,5810730000.0,133
random_grid,8,"ANA* with RealBucketHeap (a=250, b=1, D=2)",21308,130718558,142862461.0,14589.7,2699340.0,142862462.0,3170200000.0,142862462.0,3046470000.0,273.0,37797100.0,0.0,0.0,12137556.0,122908610.0,258827000.0,6254460000.0,134
random_grid,9,ANA* with IndexedHeap (D=2),21258,59835298,67653454.0,11658.3,2699340.0,59835308.0,2234220000.0,59835308.0,4483640000.0,438.0,162179000.0,7818147.0,307709000.0,0.0,47698311.0,0.0,7187740000.0,135
random_grid,9,"ANA* with RealBucketHeap (a=1, b=1, D=2)",21258,44789974,51931929.0,12899.9,2699340.0,51931930.0,3346570000.0,51931930.0,5217520000.0,256.0,32269700.0,0.0,0.0,7140731.0,31976786.0,717418000.0,8596360000.0,136
random_grid,9,"ANA* with RealBucketHeap (a=25, b=1, D=2)",21258,51036590,57699571.0,7978.27,2699340.0,57699572.0,1987100000.0,57699572.0,2107890000.0,448.0,30380800.0,0.0,0.0,6661294.0,37744428.0,243352000.0,4125370000.0,137
random_grid,9,"ANA* with RealBucketHeap (a=50, b=1, D=2)",21258,59540394,66318515.0,8053.57,2699340.0,66318516.0,1911320000.0,66318516.0,1960190000.0,439.0,32044200.0,0.0,0.0,6776626.0,46363372.0,200298000.0,3903540000.0,138
random_grid,9,"ANA* with RealBucketHeap (a=100, b=1, D=2)",21258,73932545,81550009.0,8952.01,2699340.0,81550010.0,2035240000.0,81550010.0,2011220000.0,281.0,26273300.0,0.0,0.0,7615633.0,61594866.0,187820000.0,4072740000.0,139
random_grid,9,"ANA* with RealBucketHeap (a=150, b=1, D=2)",21258,95183969,104260429.0,11168.8,2699340.0,104260430.0,2483180000.0,104260430.0,2433690000.0,276.0,31505200.0,0.0,0.0,9073747.0,84305286.0,211803000.0,4948370000.0,140
random_grid,9,"ANA* with RealBucketHeap (a=200, b=1, D=2)",21258,118723296,129460764.0,13482.1,2699340.0,129460765.0,2967160000.0,129460765.0,2874720000.0,298.0,34740400.0,0.0,0.0,10733605.0,109505621.0,238344000.0,5876620000.0,141
random_grid,9,"ANA* with RealBucketHeap (a=250, b=1, D=2)",21258,124308630,136020321.0,13916.1,2699340.0,136020322.0,3031360000.0,136020322.0,2893480000.0,343.0,33386700.0,0.0,0.0,11704338.0,116065178.0,248980000.0,5958230000.0,142
random_grid,10,ANA* with IndexedHeap (D=2),21323,81103997,90432027.0,16176.3,2699340.0,81104004.0,3150060000.0,81104004.0,6412660000.0,296.0,162887000.0,9328024.0,391864000.0,0.0,70475014.0,0.0,10117500000.0,143
random_grid,10,"ANA* with RealBucketHeap (a=1, b=1, D=2)",21323,85166990,94544607.0,21029.2,2699340.0,94544608.0,5264800000.0,94544608.0,8676790000.0,295.0,39341200.0,0.0,0.0,9377033.0,74587594.0,860573000.0,13980900000.0,144
random_grid,10,"ANA* with RealBucketHeap (a=25, b=1, D=2)",21323,95253376,103848528.0,14019.5,2699340.0,103848529.0,3531840000.0,103848529.0,3938910000.0,429.0,33738400.0,0.0,0.0,8594436.0,83891505.0,325982000.0,7504490000.0,145
random_grid,10,"ANA* with RealBucketHeap (a=50, b=1, D=2)",21323,101883988,110405727.0,13315.9,2699340.0,110405728.0,3202300000.0,110405728.0,3418220000.0,425.0,35549200.0,0.0,0.0,8519828.0,90448704.0,263778000.0,6656070000.0,146
random_grid,10,"ANA* with RealBucketHeap (a=100, b=1, D=2)",21323,112219297,121637102.0,13447.1,2699340.0,121637103.0,3088180000.0,121637103.0,3123310000.0,282.0,29748700.0,0.0,0.0,9415647.0,101680079.0,241769000.0,6241240000.0,147
random_grid,10,"ANA* with RealBucketHeap (a=150, b=1, D=2)",21323,136277908,147335257.0,15477.3,2699340.0,147335258.0,3475820000.0,147335258.0,3443710000.0,328.0,41810900.0,0.0,0.0,11053758.0,127378234.0,258363000.0,6961350000.0,148
random_grid,10,"ANA* with RealBucketHeap (a=200, b=1, D=2)",21323,155190399,167231257.0,17263.2,2699340.0,167231258.0,3829030000.0,167231258.0,3737340000.0,194.0,29106500.0,0.0,0.0,12038537.0,147274234.0,269041000.0,7595470000.0,149
random_grid,10,"ANA* with RealBucketHeap (a=250, b=1, D=2)",21323,170020879,183266854.0,18446.5,2699340.0,183266855.0,4030390000.0,183266855.0,3923420000.0,169.0,22227400.0,0.0,0.0,13244082.0,163309831.0,283532000.0,7976030000.0,150
random_grid,11,ANA* with IndexedHeap (D=2),21280,84132314,93326731.0,16487.1,2699340.0,84132315.0,3241340000.0,84132315.0,6447270000.0,735.0,325757000.0,9194417.0,367736000.0,0.0,73367483.0,0.0,10382100000.0,151
random_grid,11,"ANA* with RealBucketHeap (a=1, b=1, D=2)",21280,70833041,79728783.0,18205.7,2699340.0,79728784.0,4611150000.0,79728784.0,7419480000.0,691.0,76598800.0,0.0,0.0,8895543.0,59769535.0,827810000.0,12107200000.0,152
random_grid,11,"ANA* with RealBucketHeap (a=25, b=1, D=2)",21280,99737254,108097814.0,14601.7,2699340.0,108097815.0,3637330000.0,108097815.0,4144620000.0,1212.0,80191000.0,0.0,0.0,8359844.0,88138562.0,320528000.0,7862130000.0,153
random_grid,11,"ANA* with RealBucketHeap (a=50, b=1, D=2)",21280,116970790,125542822.0,15159.0,2699340.0,125542823.0,3647300000.0,125542823.0,3937200000.0,655.0,51603400.0,0.0,0.0,8570818.0,105583570.0,268793000.0,7636100000.0,154
random_grid,11,"ANA* with RealBucketHeap (a=100, b=1, D=2)",21280,135328238,144653217.0,16178.5,2699340.0,144653218.0,3731060000.0,144653218.0,3841770000.0,645.0,61206800.0,0.0,0.0,9322312.0,124693965.0,247586000.0,7634030000.0,155
random_grid,11,"ANA* with RealBucketHeap (a=150, b=1, D=2)",21280,142350088,153136988.0,16124.9,2699340.0,153136989.0,3626400000.0,153136989.0,3604030000.0,542.0,56264300.0,0.0,0.0,10783287.0,133177736.0,253782000.0,7286700000.0,156
random_grid,11,"ANA* with RealBucketHeap (a=200, b=1, D=2)",21280,149646830,161429869.0,16767.5,2699340.0,161429870.0,3717450000.0,161429870.0,3630110000.0,292.0,33986200.0,0.0,0.0,11778780.0,141470617.0,264872000.0,7381540000.0,157
random_grid,11,"ANA* with RealBucketHeap (a=250, b=1, D=2)",21280,168617883,181347697.0,18431.4,2699340.0,181347698.0,4037190000.0,181347698.0,3895020000.0,205.0,24023700.0,0.0,0.0,12723597.0,161388445.0,273280000.0,7956230000.0,158
random_grid,12,ANA* with IndexedHeap (D=2),21234,62583389,71369601.0,12706.4,2699340.0,62583394.0,2384280000.0,62583394.0,4857100000.0,729.0,300562000.0,8786208.0,355628000.0,0.0,51411572.0,0.0,7897580000.0,159
random_grid,12,"ANA* with RealBucketHeap (a=1, b=1, D=2)",21234,52802985,61137527.0,14442.3,2699340.0,61137528.0,3729150000.0,61137528.0,5835430000.0,595.0,65431500.0,0.0,0.0,8332301.0,41179498.0,795298000.0,9630020000.0,160
random_grid,12,"ANA* with RealBucketHeap (a=25, b=1, D=2)",21234,70869806,78654355.0,10819.9,2699340.0,78654356.0,2706900000.0,78654356.0,2943370000.0,805.0,51809100.0,0.0,0.0,7783445.0,58696320.0,291268000.0,5702080000.0,161
random_grid,12,"ANA* with RealBucketHeap (a=50, b=1, D=2)",21234,82482871,90806228.0,10971.1,2699340.0,90806229.0,2610110000.0,90806229.0,2745660000.0,630.0,47754000.0,0.0,0.0,8321538.0,70848193.0,251614000.0,5403520000.0,162
random_grid,12,"ANA* with RealBucketHeap (a=100, b=1, D=2)",21234,98329468,107262910.0,11757.1,2699340.0,107262911.0,2687050000.0,107262911.0,2686060000.0,357.0,34926500.0,0.0,0.0,8930564.0,87304875.0,223637000.0,5408030000.0,163
random_grid,12,"ANA* with RealBucketHeap (a=150, b=1, D=2)",21234,116525001,126786802.0,13779.0,2699340.0,126786803.0,3079580000.0,126786803.0,3014530000.0,326.0,36247400.0,0.0,0.0,10260349.0,106828767.0,243954000.0,6130360000.0,164
random_grid,12,"ANA* with RealBucketHeap (a=200, b=1, D=2)",21234,130559089,141629733.0,14161.7,2699340.0,141629734.0,3129130000.0,141629734.0,3016860000.0,218.0,27410800.0,0.0,0.0,11069451.0,121671698.0,235791000.0,6173410000.0,165
random_grid,12,"ANA* with RealBucketHeap (a=250, b=1, D=2)",21234,138058722,150764217.0,15642.4,2699340.0,150764218.0,3404500000.0,150764218.0,3273190000.0,216.0,28820600.0,0.0,0.0,12700037.0,130806182.0,275726000.0,6706510000.0,166
random_grid,13,ANA* with IndexedHeap (D=2),21346,76573574,85457171.0,14425.9,2699340.0,76573585.0,2912170000.0,76573585.0,5621990000.0,461.0,165425000.0,8883587.0,339481000.0,0.0,65501770.0,0.0,9039070000.0,167
random_grid,13,"ANA* with RealBucketHeap (a=1, b=1, D=2)",21346,53858348,61861194.0,14797.1,2699340.0,61861195.0,3741140000.0,61861195.0,6086590000.0,278.0,33490600.0,0.0,0.0,8002621.0,41905793.0,787387000.0,9861220000.0,168
random_grid,13,"ANA* with RealBucketHeap (a=25, b=1, D=2)",21346,85111346,93719450.0,12563.9,2699340.0,93719451.0,3147530000.0,93719451.0,3538160000.0,662.0,44953600.0,0.0,0.0,8606484.0,73764050.0,324918000.0,6730640000.0,169
random_grid,13,"ANA* with RealBucketHeap (a=50, b=1, D=2)",21346,87802829,96282843.0,11291.9,2699340.0,96282844.0,2700740000.0,96282844.0,2870120000.0,591.0,43940000.0,0.0,0.0,8478091.0,76327430.0,252725000.0,5614790000.0,170
random_grid,13,"ANA* with RealBucketHeap (a=100, b=1, D=2)",21346,110641829,120098060.0,13531.9,2699340.0,120098061.0,3108180000.0,120098061.0,3151920000.0,319.0,30791800.0,0.0,0.0,9454392.0,100142647.0,248126000.0,6290890000.0,171
random_grid,13,"ANA* with RealBucketHeap (a=150, b=1, D=2)",21346,134541311,145448730.0,15053.6,2699340.0,145448731.0,3392850000.0,145448731.0,3351500000.0,361.0,42417700.0,0.0,0.0,10905120.0,125493317.0,251281000.0,6786770000.0,172
random_grid,13,"ANA* with RealBucketHeap (a=200, b=1, D=2)",21346,134803605,146229350.0,15267.7,2699340.0,146229351.0,3374640000.0,146229351.0,3274570000.0,258.0,29036100.0,0.0,0.0,11421821.0,126273937.0,255773000.0,6678250000.0,173
random_grid,13,"ANA* with RealBucketHeap (a=250, b=1, D=2)",21346,153352339,166313551.0,16846.5,2699340.0,166313552.0,3681050000.0,166313552.0,3535930000.0,202.0,23142200.0,0.0,0.0,12957049.0,146358138.0,275475000.0,7240120000.0,174
random_grid,14,ANA* with IndexedHeap (D=2),21265,54487833,62808505.0,11714.4,2699340.0,54487833.0,2050480000.0,54487833.0,4383510000.0,1765.0,542891000.0,8320673.0,342708000.0,0.0,42847704.0,0.0,7319590000.0,175
random_grid,14,"ANA* with RealBucketHeap (a=1, b=1, D=2)",21265,51977229,60296288.0,14705.8,2699340.0,60296289.0,3919860000.0,60296289.0,5831860000.0,1297.0,134785000.0,0.0,0.0,8319060.0,40335487.0,804621000.0,9886510000.0,176
random_grid,14,"ANA* with RealBucketHeap (a=25, b=1, D=2)",21265,64794354,72620851.0,9819.37,2699340.0,72620852.0,2449430000.0,72620852.0,2657130000.0,783.0,53643200.0,0.0,0.0,7825717.0,52660050.0,286336000.0,5160200000.0,177
random_grid,14,"ANA* with RealBucketHeap (a=50, b=1, D=2)",21265,80027641,87866226.0,11024.7,2699340.0,87866227.0,2625950000.0,87866227.0,2757880000.0,442.0,38305400.0,0.0,0.0,7837348.0,67905425.0,245993000.0,5422130000.0,178
random_grid,14,"ANA* with RealBucketHeap (a=100, b=1, D=2)",21265,104622868,113581499.0,12457.9,2699340.0,113581500.0,2857820000.0,113581500.0,2861180000.0,428.0,45746100.0,0.0,0.0,8956681.0,93620698.0,225624000.0,5764750000.0,179
random_grid,14,"ANA* with RealBucketHeap (a=150, b=1, D=2)",21265,120896414,130804287.0,13943.0,2699340.0,130804288.0,3123750000.0,130804288.0,3039850000.0,270.0,26378200.0,0.0,0.0,9904340.0,110843486.0,230174000.0,6189980000.0,180
random_grid,14,"ANA* with RealBucketHeap (a=200, b=1, D=2)",21265,141580082,153085293.0,15992.2,2699340.0,153085294.0,3536380000.0,153085294.0,3412680000.0,247.0,36680200.0,0.0,0.0,11502723.0,133124492.0,256427000.0,6985750000.0,181
random_grid,14,"ANA* with RealBucketHeap (a=250, b=1, D=2)",21265,148328541,160792219.0,16275.7,2699340.0,160792220.0,3540280000.0,160792220.0,3421150000.0,182.0,24202900.0,0.0,0.0,12460235.0,140831418.0,265114000.0,6985630000.0,182
random_grid,15,ANA* with IndexedHeap (D=2),21243,52274479,60057766.0,10828.1,2699340.0,52274481.0,1982450000.0,52274481.0,4080710000.0,850.0,302543000.0,7783286.0,305080000.0,0.0,40099994.0,0.0,6670780000.0,183
random_grid,15,"ANA* with RealBucketHeap (a=1, b=1, D=2)",21243,37431230,44246488.0,11753.6,2699340.0,44246489.0,3089650000.0,44246489.0,4728800000.0,460.0,51577200.0,0.0,0.0,6814947.0,24288716.0,728340000.0,7870020000.0,184
random_grid,15,"ANA* with RealBucketHeap (a=25, b=1, D=2)",21243,56653362,63947323.0,8928.06,2699340.0,63947324.0,2227090000.0,63947324.0,2368460000.0,690.0,47583800.0,0.0,0.0,7292858.0,43989550.0,270110000.0,4643130000.0,185
random_grid,15,"ANA* with RealBucketHeap (a=50, b=1, D=2)",21243,70967772,78709990.0,9703.4,2699340.0,78709991.0,2300850000.0,78709991.0,2392790000.0,776.0,64458100.0,0.0,0.0,7740522.0,58752217.0,235313000.0,4758100000.0,186
random_grid,15,"ANA* with RealBucketHeap (a=100, b=1, D=2)",21243,93837075,102874700.0,11408.1,2699340.0,102874701.0,2602230000.0,102874701.0,2591770000.0,451.0,42557200.0,0.0,0.0,9035988.0,82916927.0,227648000.0,5236550000.0,187
random_grid,15,"ANA* with RealBucketHeap (a=150, b=1, D=2)",21243,116075578,126782426.0,13682.8,2699340.0,126782427.0,3044540000.0,126782427.0,2986490000.0,559.0,62095900.0,0.0,0.0,10702416.0,106824653.0,252107000.0,6093120000.0,188
random_grid,15,"ANA* with RealBucketHeap (a=200, b=1, D=2)",21243,128809295,140481365.0,14735.8,2699340.0,140481366.0,3245810000.0,140481366.0,3124370000.0,368.0,51604400.0,0.0,0.0,11668581.0,120523592.0,259515000.0,6421780000.0,189
random_grid,15,"ANA* with RealBucketHeap (a=250, b=1, D=2)",21243,133224487,145513803.0,14983.4,2699340.0,145513804.0,3236750000.0,145513804.0,3082970000.0,268.0,35859500.0,0.0,0.0,12286168.0,125556030.0,260305000.0,6355580000.0,190
random_grid,16,ANA* with IndexedHeap (D=2),21263,57847003,65487300.0,12147.3,2699340.0,57847007.0,2222920000.0,57847007.0,4596840000.0,1466.0,533122000.0,7640294.0,310051000.0,0.0,45531131.0,0.0,7662940000.0,191
random_grid,16,"ANA* with RealBucketHeap (a=1, b=1, D=2)",21263,42117804,48971610.0,12532.8,2699340.0,48971611.0,3214460000.0,48971611.0,5072890000.0,656.0,73212200.0,0.0,0.0,6853490.0,29015441.0,709942000.0,8360560000.0,192
random_grid,16,"ANA* with RealBucketHeap (a=25, b=1, D=2)",21263,52722098,59310274.0,8274.85,2699340.0,59310275.0,2057970000.0,59310275.0,2204870000.0,674.0,42673400.0,0.0,0.0,6587020.0,39354105.0,244873000.0,4305510000.0,193
random_grid,16,"ANA* with RealBucketHeap (a=50, b=1, D=2)",21263,65322210,72548418.0,9014.35,2699340.0,72548419.0,2136520000.0,72548419.0,2230940000.0,735.0,60995700.0,0.0,0.0,7224393.0,52592249.0,222157000.0,4428450000.0,194
random_grid,16,"ANA* with RealBucketHeap (a=100, b=1, D=2)",21263,93007090,101594771.0,11306.6,2699340.0,101594772.0,2596460000.0,101594772.0,2585770000.0,264.0,29443200.0,0.0,0.0,8586210.0,81638602.0,218535000.0,5211680000.0,195
random_grid,16,"ANA* with RealBucketHeap (a=150, b=1, D=2)",21263,99498643,109036947.0,11550.3,2699340.0,109036948.0,2575440000.0,109036948.0,2492000000.0,278.0,28729800.0,0.0,0.0,9535087.0,89080778.0,217921000.0,5096170000.0,196
random_grid,16,"ANA* with RealBucketHeap (a=200, b=1, D=2)",21263,114810495,125556029.0,13039.0,2699340.0,125556030.0,2876050000.0,125556030.0,2756460000.0,231.0,28298700.0,0.0,0.0,10741656.0,105599860.0,235823000.0,5660810000.0,197
random_grid,16,"ANA* with RealBucketHeap (a=250, b=1, D=2)",21263,126966399,138795215.0,14201.8,2699340.0,138795216.0,3092160000.0,138795216.0,2959570000.0,200.0,24800000.0,0.0,0.0,11823377.0,118839046.0,252113000.0,6076530000.0,198
