environment,instance,algorithm_description,solution_cost,nodes_expanded,nodes_generated,total_time_ms,memory_peak_kb,count_enqueue,time_enqueue_ns,count_dequeue,time_dequeue_ns,count_rebuild,time_rebuild_ns,count_decrease_key,time_decrease_key_ns,count_stale_pops,count_update_pushes,wasted_time_ns,total_overhead_ns
random_grid,0,"A* with IndexedHeap (D=2)",21293,19960907,21934413,4384.71,610772,19960912,5.97402e+08,19960907,1.91188e+09,0,0,1973502,6.66387e+07,0,1973502,0,2.57592e+09
random_grid,0,"A* with AggregatedTwoLevelBucketQueue (a=1, b=1)",21293,19960907,21932366,3600.34,1897204,21932367,1.25467e+09,21932360,6.07657e+08,0,0,0,0,1971453,1971455,5.4621e+07,1.86233e+09
random_grid,0,"A* with AggregatedTwoLevelBucketQueue (a=2, b=1)",21293,19960907,21899867,2915.37,2071284,21899868,7.25548e+08,21899861,5.15564e+08,0,0,0,0,1938954,1938956,4.56466e+07,1.24111e+09
random_grid,0,"A* with AggregatedTwoLevelBucketQueue (a=3, b=1)",21293,19960908,21747727,2750.08,2133236,21747728,6.25295e+08,21747722,4.71801e+08,0,0,0,0,1786814,1786816,3.87636e+07,1.0971e+09
random_grid,0,"A* with AggregatedTwoLevelBucketQueue (a=4, b=1)",21293,19960908,21674688,2637.99,2141940,21674689,5.6279e+08,21674683,4.45323e+08,0,0,0,0,1713775,1713777,3.52108e+07,1.00811e+09
random_grid,0,"A* with AggregatedTwoLevelBucketQueue (a=5, b=1)",21293,19960908,21631538,2611.79,2143988,21631539,5.46782e+08,21631533,4.32603e+08,0,0,0,0,1670625,1670627,3.34103e+07,9.79385e+08
random_grid,0,"A* with AggregatedTwoLevelBucketQueue (a=10, b=1)",21293,19960908,21546590,2502.16,2144244,21546591,4.85743e+08,21546585,3.97265e+08,0,0,0,0,1585677,1585679,2.92359e+07,8.83008e+08
random_grid,0,"A* with AggregatedTwoLevelBucketQueue (a=15, b=1)",21293,19960908,21518665,2471.44,2144244,21518666,4.64279e+08,21518660,3.868e+08,0,0,0,0,1557752,1557754,2.80008e+07,8.51079e+08
random_grid,0,"A* with AggregatedTwoLevelBucketQueue (a=20, b=1)",21293,19960909,21504347,2443.73,2144244,21504348,4.54829e+08,21504343,3.81569e+08,0,0,0,0,1543434,1543436,2.73864e+07,8.36398e+08
random_grid,0,"A* with AggregatedTwoLevelBucketQueue (a=25, b=1)",21293,19960909,21495903,2449.87,2144244,21495904,4.48852e+08,21495899,3.78905e+08,0,0,0,0,1534990,1534992,2.7057e+07,8.27757e+08
random_grid,0,"A* with AggregatedTwoLevelBucketQueue (a=50, b=1)",21293,19960909,21479133,2441.23,2144244,21479134,4.35871e+08,21479129,3.72396e+08,0,0,0,0,1518220,1518222,2.63222e+07,8.08266e+08
random_grid,0,"A* with AggregatedTwoLevelBucketQueue (a=100, b=1)",21293,19960909,21470579,2452.84,2144244,21470580,4.23692e+08,21470575,3.69436e+08,0,0,0,0,1509666,1509668,2.59762e+07,7.93128e+08
random_grid,0,"A* with AggregatedTwoLevelBucketQueue (a=150, b=1)",21293,19960909,21467751,2465.91,2144244,21467752,4.18258e+08,21467747,3.67661e+08,0,0,0,0,1506838,1506840,2.58064e+07,7.85919e+08
random_grid,0,"A* with AggregatedTwoLevelBucketQueue (a=200, b=1)",21293,19960909,21466351,2475.46,2144244,21466352,4.17305e+08,21466347,3.69422e+08,0,0,0,0,1505438,1505440,2.59076e+07,7.86727e+08
random_grid,0,"A* with AggregatedTwoLevelBucketQueue (a=250, b=1)",21293,19960909,21465582,2486.24,2144244,21465583,4.16729e+08,21465578,3.69442e+08,0,0,0,0,1504669,1504671,2.58967e+07,7.8617e+08
random_grid,1,"A* with IndexedHeap (D=2)",21315,19957548,21925229,4244.49,2144244,19957554,4.90642e+08,19957548,1.89446e+09,0,0,1967676,6.56658e+07,0,1967676,0,2.45077e+09
random_grid,1,"A* with AggregatedTwoLevelBucketQueue (a=1, b=1)",21315,19957548,21923262,3223.86,2221908,21923263,9.36336e+08,21923256,5.96155e+08,0,0,0,0,1965708,1965709,5.34531e+07,1.53249e+09
random_grid,1,"A* with AggregatedTwoLevelBucketQueue (a=2, b=1)",21315,19957548,21890816,2825.86,2221908,21890817,6.5647e+08,21890810,5.06899e+08,0,0,0,0,1933262,1933263,4.47662e+07,1.16337e+09
random_grid,1,"A* with AggregatedTwoLevelBucketQueue (a=3, b=1)",21315,19957548,21739310,2700.61,2221908,21739311,5.87301e+08,21739304,4.70374e+08,0,0,0,0,1781756,1781757,3.85519e+07,1.05767e+09
random_grid,1,"A* with AggregatedTwoLevelBucketQueue (a=4, b=1)",21315,19957548,21666509,2629.12,2221908,21666510,5.60254e+08,21666504,4.4251e+08,0,0,0,0,1708956,1708956,3.49032e+07,1.00276e+09
random_grid,1,"A* with AggregatedTwoLevelBucketQueue (a=5, b=1)",21315,19957548,21623170,2594.5,2221908,21623171,5.39464e+08,21623164,4.2859e+08,0,0,0,0,1665616,1665617,3.3014e+07,9.68054e+08
random_grid,1,"A* with AggregatedTwoLevelBucketQueue (a=10, b=1)",21315,19957548,21538533,2488.6,2221908,21538534,4.86136e+08,21538527,3.98185e+08,0,0,0,0,1580979,1580980,2.92277e+07,8.84321e+08
random_grid,1,"A* with AggregatedTwoLevelBucketQueue (a=15, b=1)",21315,19957548,21510943,2444.68,2221908,21510944,4.64962e+08,21510938,3.86934e+08,0,0,0,0,1553390,1553390,2.7942e+07,8.51896e+08
random_grid,1,"A* with AggregatedTwoLevelBucketQueue (a=20, b=1)",21315,19957548,21496734,2422.39,2221908,21496735,4.53041e+08,21496729,3.82483e+08,0,0,0,0,1539181,1539181,2.73861e+07,8.35524e+08
random_grid,1,"A* with AggregatedTwoLevelBucketQueue (a=25, b=1)",21315,19957548,21488906,2416.2,2221908,21488907,4.47459e+08,21488901,3.80494e+08,0,0,0,0,1531353,1531353,2.71149e+07,8.27953e+08
random_grid,1,"A* with AggregatedTwoLevelBucketQueue (a=50, b=1)",21315,19957548,21471759,2409.13,2221908,21471760,4.35328e+08,21471754,3.73664e+08,0,0,0,0,1514206,1514206,2.63511e+07,8.08992e+08
random_grid,1,"A* with AggregatedTwoLevelBucketQueue (a=100, b=1)",21315,19957548,21463257,2493.04,2221908,21463258,4.29825e+08,21463252,3.75643e+08,0,0,0,0,1505704,1505704,2.63523e+07,8.05468e+08
random_grid,1,"A* with AggregatedTwoLevelBucketQueue (a=150, b=1)",21315,19957548,21460366,2704.47,2221908,21460367,4.34276e+08,21460361,3.8289e+08,0,0,0,0,1502813,1502813,2.68128e+07,8.17166e+08
random_grid,1,"A* with AggregatedTwoLevelBucketQueue (a=200, b=1)",21315,19957548,21459006,2695.88,2221908,21459007,4.3224e+08,21459001,3.8288e+08,0,0,0,0,1501453,1501453,2.67896e+07,8.1512e+08
random_grid,1,"A* with AggregatedTwoLevelBucketQueue (a=250, b=1)",21315,19957548,21458139,2696.46,2221908,21458140,4.3454e+08,21458134,3.79184e+08,0,0,0,0,1500586,1500586,2.65167e+07,8.13725e+08
random_grid,2,"A* with IndexedHeap (D=2)",21260,19959908,21931206,4542.67,2221908,19959915,5.00575e+08,19959908,1.97577e+09,0,0,1971292,6.78017e+07,0,1971292,0,2.54414e+09
random_grid,2,"A* with AggregatedTwoLevelBucketQueue (a=1, b=1)",21260,19959908,21928860,3186.91,2256608,21928861,8.87586e+08,21928851,5.87766e+08,0,0,0,0,1968943,1968946,5.27742e+07,1.47535e+09
random_grid,2,"A* with AggregatedTwoLevelBucketQueue (a=2, b=1)",21260,19959908,21896258,2817.71,2256608,21896259,6.46977e+08,21896249,4.96001e+08,0,0,0,0,1936341,1936344,4.38626e+07,1.14298e+09
random_grid,2,"A* with AggregatedTwoLevelBucketQueue (a=3, b=1)",21260,19959908,21744220,2689.76,2256608,21744221,5.92283e+08,21744211,4.57243e+08,0,0,0,0,1784303,1784306,3.75208e+07,1.04953e+09
random_grid,2,"A* with AggregatedTwoLevelBucketQueue (a=4, b=1)",21260,19959908,21671185,2628.13,2256608,21671186,5.60144e+08,21671176,4.38016e+08,0,0,0,0,1711268,1711271,3.4588e+07,9.98159e+08
random_grid,2,"A* with AggregatedTwoLevelBucketQueue (a=5, b=1)",21260,19959908,21628688,2582.56,2256608,21628689,5.30638e+08,21628679,4.26868e+08,0,0,0,0,1668771,1668774,3.29352e+07,9.57506e+08
random_grid,2,"A* with AggregatedTwoLevelBucketQueue (a=10, b=1)",21260,19959908,21544415,2493.28,2256608,21544416,4.82206e+08,21544406,3.95556e+08,0,0,0,0,1584498,1584501,2.90915e+07,8.77763e+08
random_grid,2,"A* with AggregatedTwoLevelBucketQueue (a=15, b=1)",21260,19959908,21516556,2450.35,2256608,21516557,4.61976e+08,21516547,3.86065e+08,0,0,0,0,1556639,1556642,2.79303e+07,8.48042e+08
random_grid,2,"A* with AggregatedTwoLevelBucketQueue (a=20, b=1)",21260,19959908,21502510,2456.46,2256608,21502511,4.561e+08,21502501,3.83686e+08,0,0,0,0,1542593,1542596,2.75257e+07,8.39786e+08
random_grid,2,"A* with AggregatedTwoLevelBucketQueue (a=25, b=1)",21260,19959908,21493938,2430.17,2256608,21493939,4.47386e+08,21493929,3.77787e+08,0,0,0,0,1534021,1534024,2.69626e+07,8.25173e+08
random_grid,2,"A* with AggregatedTwoLevelBucketQueue (a=50, b=1)",21260,19959908,21477011,2416.65,2256608,21477012,4.35019e+08,21477002,3.72278e+08,0,0,0,0,1517094,1517097,2.6297e+07,8.07297e+08
random_grid,2,"A* with AggregatedTwoLevelBucketQueue (a=100, b=1)",21260,19959908,21468726,2416.28,2256608,21468727,4.23309e+08,21468717,3.69208e+08,0,0,0,0,1508809,1508812,2.59477e+07,7.92517e+08
random_grid,2,"A* with AggregatedTwoLevelBucketQueue (a=150, b=1)",21260,19959908,21465992,2429.6,2256608,21465993,4.1863e+08,21465983,3.69213e+08,0,0,0,0,1506075,1506078,2.59043e+07,7.87843e+08
random_grid,2,"A* with AggregatedTwoLevelBucketQueue (a=200, b=1)",21260,19959908,21464645,2453.9,2256608,21464646,4.17073e+08,21464636,3.69091e+08,0,0,0,0,1504728,1504731,2.58743e+07,7.86165e+08
random_grid,2,"A* with AggregatedTwoLevelBucketQueue (a=250, b=1)",21260,19959908,21463808,2456.88,2256608,21463809,4.15504e+08,21463799,3.67576e+08,0,0,0,0,1503891,1503894,2.57547e+07,7.8308e+08
random_grid,3,"A* with IndexedHeap (D=2)",21222,19954884,21921568,4207.41,2256608,19954891,4.89834e+08,19954884,1.89194e+09,0,0,1966678,6.5459e+07,0,1966678,0,2.44723e+09
random_grid,3,"A* with AggregatedTwoLevelBucketQueue (a=1, b=1)",21222,19954884,21919581,3208.01,2258068,21919582,8.9495e+08,21919575,6.01666e+08,0,0,0,0,1964691,1964691,5.39284e+07,1.49662e+09
random_grid,3,"A* with AggregatedTwoLevelBucketQueue (a=2, b=1)",21222,19954884,21887260,2852.04,2258068,21887261,6.65578e+08,21887254,5.05483e+08,0,0,0,0,1932370,1932370,4.46278e+07,1.17106e+09
random_grid,3,"A* with AggregatedTwoLevelBucketQueue (a=3, b=1)",21222,19954884,21735850,2707.43,2258068,21735851,5.98904e+08,21735844,4.68736e+08,0,0,0,0,1780960,1780960,3.84066e+07,1.06764e+09
random_grid,3,"A* with AggregatedTwoLevelBucketQueue (a=4, b=1)",21222,19954884,21662249,2617.16,2258068,21662250,5.54437e+08,21662243,4.4446e+08,0,0,0,0,1707359,1707359,3.50311e+07,9.98897e+08
random_grid,3,"A* with AggregatedTwoLevelBucketQueue (a=5, b=1)",21222,19954884,21620019,2571.97,2258068,21620020,5.32448e+08,21620013,4.2937e+08,0,0,0,0,1665129,1665129,3.30692e+07,9.61818e+08
random_grid,3,"A* with AggregatedTwoLevelBucketQueue (a=10, b=1)",21222,19954884,21535238,2477.77,2258068,21535239,4.84833e+08,21535232,3.97361e+08,0,0,0,0,1580348,1580348,2.91601e+07,8.82194e+08
random_grid,3,"A* with AggregatedTwoLevelBucketQueue (a=15, b=1)",21222,19954884,21507095,2447.84,2258068,21507096,4.65364e+08,21507089,3.87717e+08,0,0,0,0,1552205,1552205,2.79822e+07,8.53081e+08
random_grid,3,"A* with AggregatedTwoLevelBucketQueue (a=20, b=1)",21222,19954884,21492966,2415.79,2258068,21492967,4.51537e+08,21492960,3.78239e+08,0,0,0,0,1538076,1538076,2.70675e+07,8.29776e+08
random_grid,3,"A* with AggregatedTwoLevelBucketQueue (a=25, b=1)",21222,19954884,21484470,2428.26,2258068,21484471,4.47933e+08,21484464,3.77442e+08,0,0,0,0,1529580,1529580,2.68719e+07,8.25375e+08
random_grid,3,"A* with AggregatedTwoLevelBucketQueue (a=50, b=1)",21222,19954884,21467587,2396.28,2258068,21467588,4.33252e+08,21467581,3.71797e+08,0,0,0,0,1512697,1512697,2.61984e+07,8.05049e+08
random_grid,3,"A* with AggregatedTwoLevelBucketQueue (a=100, b=1)",21222,19954884,21459260,2386.43,2258068,21459261,4.21223e+08,21459254,3.66146e+08,0,0,0,0,1504370,1504370,2.56681e+07,7.87369e+08
random_grid,3,"A* with AggregatedTwoLevelBucketQueue (a=150, b=1)",21222,19954884,21456279,2414.82,2258068,21456280,4.17774e+08,21456273,3.68517e+08,0,0,0,0,1501389,1501389,2.57867e+07,7.86291e+08
random_grid,3,"A* with AggregatedTwoLevelBucketQueue (a=200, b=1)",21222,19954884,21455043,2424.65,2258068,21455044,4.14398e+08,21455037,3.6616e+08,0,0,0,0,1500153,1500153,2.56022e+07,7.80558e+08
random_grid,3,"A* with AggregatedTwoLevelBucketQueue (a=250, b=1)",21222,19954884,21454038,2437.86,2258068,21454039,4.14521e+08,21454032,3.65059e+08,0,0,0,0,1499148,1499148,2.55093e+07,7.7958e+08
random_grid,5,"A* with IndexedHeap (D=2)",21267,19952929,21919168,4249.56,2258068,19952943,4.89911e+08,19952929,1.90085e+09,0,0,1966226,6.58609e+07,0,1966226,0,2.45662e+09
random_grid,5,"A* with AggregatedTwoLevelBucketQueue (a=1, b=1)",21267,19952929,21917567,3241.07,2264684,21917568,9.01326e+08,21917551,6.04991e+08,0,0,0,0,1964622,1964625,5.42295e+07,1.50632e+09
random_grid,5,"A* with AggregatedTwoLevelBucketQueue (a=2, b=1)",21267,19952929,21884624,2830.74,2264684,21884625,6.50105e+08,21884608,5.07454e+08,0,0,0,0,1931679,1931682,4.47912e+07,1.15756e+09
random_grid,5,"A* with AggregatedTwoLevelBucketQueue (a=3, b=1)",21267,19952929,21734160,2681.61,2264684,21734161,5.863e+08,21734144,4.63981e+08,0,0,0,0,1781215,1781218,3.80254e+07,1.05028e+09
random_grid,5,"A* with AggregatedTwoLevelBucketQueue (a=4, b=1)",21267,19952930,21659954,2638.67,2264684,21659955,5.56404e+08,21659938,4.45022e+08,0,0,0,0,1707008,1707011,3.5072e+07,1.00143e+09
random_grid,5,"A* with AggregatedTwoLevelBucketQueue (a=5, b=1)",21267,19952930,21618765,2582.79,2264684,21618766,5.35455e+08,21618751,4.28774e+08,0,0,0,0,1665821,1665822,3.3039e+07,9.64229e+08
random_grid,5,"A* with AggregatedTwoLevelBucketQueue (a=10, b=1)",21267,19952930,21534033,2487.56,2264684,21534034,4.84358e+08,21534019,3.97627e+08,0,0,0,0,1581089,1581090,2.91949e+07,8.81985e+08
random_grid,5,"A* with AggregatedTwoLevelBucketQueue (a=15, b=1)",21267,19952930,21506088,2443.91,2264684,21506089,4.62954e+08,21506074,3.87521e+08,0,0,0,0,1553144,1553145,2.79863e+07,8.50475e+08
random_grid,5,"A* with AggregatedTwoLevelBucketQueue (a=20, b=1)",21267,19952930,21491911,2439.03,2264684,21491912,4.52656e+08,21491897,3.80491e+08,0,0,0,0,1538967,1538968,2.72458e+07,8.33147e+08
random_grid,5,"A* with AggregatedTwoLevelBucketQueue (a=25, b=1)",21267,19952930,21483804,2429.26,2264684,21483805,4.48286e+08,21483790,3.77279e+08,0,0,0,0,1530860,1530861,2.68836e+07,8.25565e+08
random_grid,5,"A* with AggregatedTwoLevelBucketQueue (a=50, b=1)",21267,19952930,21466581,2425.16,2264684,21466582,4.35282e+08,21466567,3.73691e+08,0,0,0,0,1513637,1513638,2.63494e+07,8.08973e+08
random_grid,5,"A* with AggregatedTwoLevelBucketQueue (a=100, b=1)",21267,19952930,21458383,2422.89,2264684,21458384,4.25178e+08,21458369,3.69767e+08,0,0,0,0,1505439,1505440,2.59415e+07,7.94945e+08
random_grid,5,"A* with AggregatedTwoLevelBucketQueue (a=150, b=1)",21267,19952930,21455556,2443.61,2264684,21455557,4.1917e+08,21455542,3.68423e+08,0,0,0,0,1502612,1502613,2.5802e+07,7.87593e+08
random_grid,5,"A* with AggregatedTwoLevelBucketQueue (a=200, b=1)",21267,19952930,21454080,2451.71,2264684,21454081,4.18844e+08,21454066,3.6854e+08,0,0,0,0,1501136,1501137,2.57867e+07,7.87384e+08
random_grid,5,"A* with AggregatedTwoLevelBucketQueue (a=250, b=1)",21267,19952930,21453128,2495.31,2264684,21453129,4.19605e+08,21453114,3.70592e+08,0,0,0,0,1500184,1500185,2.59149e+07,7.90197e+08
random_grid,9,"A* with IndexedHeap (D=2)",21214,19959055,21937060,4264.16,2264684,19959058,4.90977e+08,19959055,1.90172e+09,0,0,1978003,6.64544e+07,0,1978003,0,2.45915e+09
random_grid,9,"A* with AggregatedTwoLevelBucketQueue (a=1, b=1)",21214,19959055,21934812,3179.39,2264684,21934813,8.69463e+08,21934810,6.00243e+08,0,0,0,0,1975755,1975755,5.40662e+07,1.46971e+09
random_grid,9,"A* with AggregatedTwoLevelBucketQueue (a=2, b=1)",21214,19959055,21902346,2837.66,2264684,21902347,6.44583e+08,21902344,5.08452e+08,0,0,0,0,1943289,1943289,4.51125e+07,1.15304e+09
random_grid,9,"A* with AggregatedTwoLevelBucketQueue (a=3, b=1)",21214,19959055,21750055,2708.56,2264684,21750056,5.90446e+08,21750053,4.70428e+08,0,0,0,0,1790998,1790998,3.87372e+07,1.06087e+09
random_grid,9,"A* with AggregatedTwoLevelBucketQueue (a=4, b=1)",21214,19959056,21675891,2631,2264684,21675892,5.56049e+08,21675890,4.44288e+08,0,0,0,0,1716834,1716834,3.51897e+07,1.00034e+09
random_grid,9,"A* with AggregatedTwoLevelBucketQueue (a=5, b=1)",21214,19959056,21632570,2578.9,2264684,21632571,5.33343e+08,21632569,4.2921e+08,0,0,0,0,1673513,1673513,3.3204e+07,9.62553e+08
random_grid,9,"A* with AggregatedTwoLevelBucketQueue (a=10, b=1)",21214,19959056,21547513,2550.36,2264684,21547514,4.95294e+08,21547512,4.06358e+08,0,0,0,0,1588456,1588456,2.99562e+07,9.01652e+08
random_grid,9,"A* with AggregatedTwoLevelBucketQueue (a=15, b=1)",21214,19959056,21519466,2546.89,2264684,21519467,4.78504e+08,21519465,3.97165e+08,0,0,0,0,1560409,1560409,2.8799e+07,8.75669e+08
random_grid,9,"A* with AggregatedTwoLevelBucketQueue (a=20, b=1)",21214,19959056,21505150,2488.2,2264684,21505151,4.629e+08,21505149,3.89219e+08,0,0,0,0,1546093,1546093,2.79826e+07,8.52119e+08
random_grid,9,"A* with AggregatedTwoLevelBucketQueue (a=25, b=1)",21214,19959056,21496735,2514.01,2264684,21496736,4.64856e+08,21496734,3.88599e+08,0,0,0,0,1537678,1537678,2.77968e+07,8.53455e+08
random_grid,9,"A* with AggregatedTwoLevelBucketQueue (a=50, b=1)",21214,19959056,21479608,2537.74,2264684,21479609,4.52596e+08,21479607,3.94104e+08,0,0,0,0,1520551,1520551,2.78988e+07,8.467e+08
random_grid,9,"A* with AggregatedTwoLevelBucketQueue (a=100, b=1)",21214,19959056,21471144,2514.29,2264684,21471145,4.39713e+08,21471143,3.83829e+08,0,0,0,0,1512087,1512087,2.70308e+07,8.23542e+08
random_grid,9,"A* with AggregatedTwoLevelBucketQueue (a=150, b=1)",21214,19959056,21468278,2442.6,2264684,21468279,4.2108e+08,21468277,3.68356e+08,0,0,0,0,1509221,1509221,2.58954e+07,7.89436e+08
random_grid,9,"A* with AggregatedTwoLevelBucketQueue (a=200, b=1)",21214,19959056,21466906,2473.62,2264684,21466907,4.21532e+08,21466905,3.7241e+08,0,0,0,0,1507849,1507849,2.61583e+07,7.93942e+08
random_grid,9,"A* with AggregatedTwoLevelBucketQueue (a=250, b=1)",21214,19959056,21465999,2509.26,2264684,21466000,4.24509e+08,21465998,3.76433e+08,0,0,0,0,1506942,1506942,2.64261e+07,8.00941e+08
random_grid,10,"A* with IndexedHeap (D=2)",21219,19959140,21933280,4363.13,2264684,19959143,5.02557e+08,19959140,1.94915e+09,0,0,1974138,6.73145e+07,0,1974138,0,2.51903e+09
random_grid,10,"A* with AggregatedTwoLevelBucketQueue (a=1, b=1)",21219,19959140,21931420,3245.74,2264684,21931421,8.86677e+08,21931418,6.0764e+08,0,0,0,0,1972278,1972278,5.46447e+07,1.49432e+09
random_grid,10,"A* with AggregatedTwoLevelBucketQueue (a=2, b=1)",21219,19959140,21899243,2885.49,2264684,21899244,6.56527e+08,21899241,5.19381e+08,0,0,0,0,1940101,1940101,4.60131e+07,1.17591e+09
random_grid,10,"A* with AggregatedTwoLevelBucketQueue (a=3, b=1)",21219,19959140,21746691,2722.73,2264684,21746692,5.89931e+08,21746689,4.72154e+08,0,0,0,0,1787549,1787549,3.88104e+07,1.06208e+09
random_grid,10,"A* with AggregatedTwoLevelBucketQueue (a=4, b=1)",21219,19959140,21673367,2645.3,2264684,21673368,5.55997e+08,21673365,4.4405e+08,0,0,0,0,1714225,1714225,3.51216e+07,1.00005e+09
random_grid,10,"A* with AggregatedTwoLevelBucketQueue (a=5, b=1)",21219,19959140,21630306,2640.49,2264684,21630307,5.47094e+08,21630304,4.4049e+08,0,0,0,0,1671164,1671164,3.40324e+07,9.87584e+08
random_grid,10,"A* with AggregatedTwoLevelBucketQueue (a=10, b=1)",21219,19959140,21545650,2593.53,2264684,21545651,5.02236e+08,21545648,4.13209e+08,0,0,0,0,1586508,1586508,3.04265e+07,9.15445e+08
random_grid,10,"A* with AggregatedTwoLevelBucketQueue (a=15, b=1)",21219,19959140,21517275,2491.06,2264684,21517276,4.70481e+08,21517273,3.92603e+08,0,0,0,0,1558133,1558133,2.84296e+07,8.63083e+08
random_grid,10,"A* with AggregatedTwoLevelBucketQueue (a=20, b=1)",21219,19959140,21503091,2462.98,2264684,21503092,4.60057e+08,21503089,3.83716e+08,0,0,0,0,1543949,1543949,2.75513e+07,8.43774e+08
random_grid,10,"A* with AggregatedTwoLevelBucketQueue (a=25, b=1)",21219,19959140,21494696,2500.18,2264684,21494697,4.61953e+08,21494694,3.91814e+08,0,0,0,0,1535554,1535554,2.79907e+07,8.53768e+08
random_grid,10,"A* with AggregatedTwoLevelBucketQueue (a=50, b=1)",21219,19959140,21477733,2461.12,2264684,21477734,4.43589e+08,21477731,3.79228e+08,0,0,0,0,1518591,1518591,2.68134e+07,8.22817e+08
random_grid,10,"A* with AggregatedTwoLevelBucketQueue (a=100, b=1)",21219,19959140,21469140,2420.81,2264684,21469141,4.2454e+08,21469138,3.6888e+08,0,0,0,0,1509998,1509998,2.59446e+07,7.93421e+08
random_grid,10,"A* with AggregatedTwoLevelBucketQueue (a=150, b=1)",21219,19959140,21466277,2430.17,2264684,21466278,4.19099e+08,21466275,3.67473e+08,0,0,0,0,1507135,1507135,2.58001e+07,7.86573e+08
random_grid,10,"A* with AggregatedTwoLevelBucketQueue (a=200, b=1)",21219,19959140,21464804,2437.92,2264684,21464805,4.17259e+08,21464802,3.68962e+08,0,0,0,0,1505662,1505662,2.58811e+07,7.86221e+08
random_grid,10,"A* with AggregatedTwoLevelBucketQueue (a=250, b=1)",21219,19959140,21463892,2459.05,2264684,21463893,4.17839e+08,21463890,3.69211e+08,0,0,0,0,1504750,1504750,2.58839e+07,7.8705e+08
random_grid,11,"A* with IndexedHeap (D=2)",21315,19962090,21931272,4250.38,2264684,19962097,4.92501e+08,19962090,1.89484e+09,0,0,1969176,6.57637e+07,0,1969176,0,2.45311e+09
random_grid,11,"A* with AggregatedTwoLevelBucketQueue (a=1, b=1)",21315,19962090,21929299,3178.06,2266972,21929300,8.76541e+08,21929292,5.94748e+08,0,0,0,0,1967202,1967203,5.33528e+07,1.47129e+09
random_grid,11,"A* with AggregatedTwoLevelBucketQueue (a=2, b=1)",21315,19962090,21896806,2843.84,2266972,21896807,6.60861e+08,21896799,5.08465e+08,0,0,0,0,1934709,1934710,4.49258e+07,1.16933e+09
random_grid,11,"A* with AggregatedTwoLevelBucketQueue (a=3, b=1)",21315,19962090,21745315,2720.35,2266972,21745316,5.86883e+08,21745308,4.67974e+08,0,0,0,0,1783218,1783219,3.83761e+07,1.05486e+09
random_grid,11,"A* with AggregatedTwoLevelBucketQueue (a=4, b=1)",21315,19962090,21671089,2673.08,2266972,21671090,5.63335e+08,21671082,4.51854e+08,0,0,0,0,1708992,1708993,3.56334e+07,1.01519e+09
random_grid,11,"A* with AggregatedTwoLevelBucketQueue (a=5, b=1)",21315,19962090,21628844,2638.75,2266972,21628845,5.4711e+08,21628837,4.38092e+08,0,0,0,0,1666747,1666748,3.37599e+07,9.85202e+08
random_grid,11,"A* with AggregatedTwoLevelBucketQueue (a=10, b=1)",21315,19962090,21545261,2510.72,2266972,21545262,4.87882e+08,21545254,4.02211e+08,0,0,0,0,1583164,1583165,2.95548e+07,8.90092e+08
random_grid,11,"A* with AggregatedTwoLevelBucketQueue (a=15, b=1)",21315,19962090,21516669,2411.95,2266972,21516670,4.55862e+08,21516662,3.80231e+08,0,0,0,0,1554572,1554573,2.74716e+07,8.36093e+08
random_grid,11,"A* with AggregatedTwoLevelBucketQueue (a=20, b=1)",21315,19962090,21503054,2421.17,2266972,21503055,4.50673e+08,21503047,3.77107e+08,0,0,0,0,1540957,1540958,2.70243e+07,8.27779e+08
random_grid,11,"A* with AggregatedTwoLevelBucketQueue (a=25, b=1)",21315,19962090,21494706,2467.43,2266972,21494707,4.55507e+08,21494699,3.81345e+08,0,0,0,0,1532609,1532610,2.71905e+07,8.36851e+08
random_grid,11,"A* with AggregatedTwoLevelBucketQueue (a=50, b=1)",21315,19962090,21477946,2418.58,2266972,21477947,4.36476e+08,21477939,3.72186e+08,0,0,0,0,1515849,1515850,2.62678e+07,8.08662e+08
random_grid,11,"A* with AggregatedTwoLevelBucketQueue (a=100, b=1)",21315,19962090,21469488,2438.85,2266972,21469489,4.24154e+08,21469481,3.70853e+08,0,0,0,0,1507391,1507392,2.60379e+07,7.95008e+08
random_grid,11,"A* with AggregatedTwoLevelBucketQueue (a=150, b=1)",21315,19962090,21466534,2434.71,2266972,21466535,4.19611e+08,21466527,3.67751e+08,0,0,0,0,1504437,1504438,2.5773e+07,7.87361e+08
random_grid,11,"A* with AggregatedTwoLevelBucketQueue (a=200, b=1)",21315,19962090,21465242,2469.82,2266972,21465243,4.20708e+08,21465235,3.71177e+08,0,0,0,0,1503145,1503146,2.59924e+07,7.91885e+08
random_grid,11,"A* with AggregatedTwoLevelBucketQueue (a=250, b=1)",21315,19962090,21464328,2479.2,2266972,21464329,4.20069e+08,21464321,3.71605e+08,0,0,0,0,1502231,1502232,2.60076e+07,7.91674e+08
random_grid,12,"A* with IndexedHeap (D=2)",21247,19960635,21935493,4254.42,2266972,19960635,4.91341e+08,19960635,1.9022e+09,0,0,1974859,6.64831e+07,0,1974859,0,2.46002e+09
random_grid,12,"A* with AggregatedTwoLevelBucketQueue (a=1, b=1)",21247,19960635,21933206,3219.61,2267232,21933207,8.8886e+08,21933207,6.04896e+08,0,0,0,0,1972572,1972572,5.44015e+07,1.49376e+09
random_grid,12,"A* with AggregatedTwoLevelBucketQueue (a=2, b=1)",21247,19960635,21900815,2872.03,2267232,21900816,6.63603e+08,21900816,5.10655e+08,0,0,0,0,1940181,1940181,4.52386e+07,1.17426e+09
random_grid,12,"A* with AggregatedTwoLevelBucketQueue (a=3, b=1)",21247,19960635,21749382,2711.16,2267232,21749383,5.90361e+08,21749383,4.68907e+08,0,0,0,0,1788748,1788748,3.85646e+07,1.05927e+09
random_grid,12,"A* with AggregatedTwoLevelBucketQueue (a=4, b=1)",21247,19960635,21675668,2630.07,2267232,21675669,5.55261e+08,21675669,4.48938e+08,0,0,0,0,1715034,1715034,3.55211e+07,1.0042e+09
random_grid,12,"A* with AggregatedTwoLevelBucketQueue (a=5, b=1)",21247,19960635,21632293,2579.4,2267232,21632294,5.3417e+08,21632294,4.29018e+08,0,0,0,0,1671659,1671659,3.31528e+07,9.63188e+08
random_grid,12,"A* with AggregatedTwoLevelBucketQueue (a=10, b=1)",21247,19960635,21547708,2470.98,2267232,21547709,4.80236e+08,21547709,3.95254e+08,0,0,0,0,1587074,1587074,2.9112e+07,8.7549e+08
random_grid,12,"A* with AggregatedTwoLevelBucketQueue (a=15, b=1)",21247,19960635,21519916,2427.07,2267232,21519917,4.5962e+08,21519917,3.82804e+08,0,0,0,0,1559282,1559282,2.77371e+07,8.42424e+08
random_grid,12,"A* with AggregatedTwoLevelBucketQueue (a=20, b=1)",21247,19960635,21505945,2419.3,2267232,21505946,4.5211e+08,21505946,3.77176e+08,0,0,0,0,1545311,1545311,2.7102e+07,8.29286e+08
random_grid,12,"A* with AggregatedTwoLevelBucketQueue (a=25, b=1)",21247,19960635,21497515,2448.16,2267232,21497516,4.53606e+08,21497516,3.8034e+08,0,0,0,0,1536881,1536881,2.7191e+07,8.33946e+08
random_grid,12,"A* with AggregatedTwoLevelBucketQueue (a=50, b=1)",21247,19960635,21480697,2439.15,2267232,21480698,4.35277e+08,21480698,3.73328e+08,0,0,0,0,1520063,1520063,2.64183e+07,8.08605e+08
random_grid,12,"A* with AggregatedTwoLevelBucketQueue (a=100, b=1)",21247,19960635,21472303,2419.42,2267232,21472304,4.22583e+08,21472304,3.68266e+08,0,0,0,0,1511669,1511669,2.59262e+07,7.90848e+08
random_grid,12,"A* with AggregatedTwoLevelBucketQueue (a=150, b=1)",21247,19960635,21469345,2435.05,2267232,21469346,4.19123e+08,21469346,3.70391e+08,0,0,0,0,1508711,1508711,2.60284e+07,7.89514e+08
random_grid,12,"A* with AggregatedTwoLevelBucketQueue (a=200, b=1)",21247,19960635,21468065,2492.08,2267232,21468066,4.24195e+08,21468066,3.74391e+08,0,0,0,0,1507431,1507431,2.62887e+07,7.98586e+08
random_grid,12,"A* with AggregatedTwoLevelBucketQueue (a=250, b=1)",21247,19960635,21467117,2496.46,2267232,21467118,4.21947e+08,21467118,3.74198e+08,0,0,0,0,1506483,1506483,2.62598e+07,7.96144e+08
random_grid,13,"A* with IndexedHeap (D=2)",21294,19959114,21932133,4255.83,2267232,19959124,4.89027e+08,19959114,1.89947e+09,0,0,1973010,6.58713e+07,0,1973010,0,2.45437e+09
random_grid,13,"A* with AggregatedTwoLevelBucketQueue (a=1, b=1)",21294,19959114,21930351,3138.38,2271840,21930352,8.61562e+08,21930341,5.85454e+08,0,0,0,0,1971227,1971228,5.2624e+07,1.44702e+09
random_grid,13,"A* with AggregatedTwoLevelBucketQueue (a=2, b=1)",21294,19959114,21897898,2815.52,2271840,21897899,6.41576e+08,21897888,5.00949e+08,0,0,0,0,1938774,1938775,4.43526e+07,1.14253e+09
random_grid,13,"A* with AggregatedTwoLevelBucketQueue (a=3, b=1)",21294,19959114,21746530,2702.05,2271840,21746531,5.85265e+08,21746520,4.64813e+08,0,0,0,0,1787406,1787407,3.82042e+07,1.05008e+09
random_grid,13,"A* with AggregatedTwoLevelBucketQueue (a=4, b=1)",21294,19959114,21673196,2609.68,2271840,21673197,5.50587e+08,21673186,4.39552e+08,0,0,0,0,1714072,1714073,3.47629e+07,9.90139e+08
random_grid,13,"A* with AggregatedTwoLevelBucketQueue (a=5, b=1)",21294,19959114,21630579,2567.41,2271840,21630580,5.29023e+08,21630570,4.27723e+08,0,0,0,0,1671456,1671456,3.30514e+07,9.56746e+08
random_grid,13,"A* with AggregatedTwoLevelBucketQueue (a=10, b=1)",21294,19959115,21546433,2492.97,2271840,21546434,4.85308e+08,21546425,3.96017e+08,0,0,0,0,1587310,1587310,2.91743e+07,8.81324e+08
random_grid,13,"A* with AggregatedTwoLevelBucketQueue (a=15, b=1)",21294,19959115,21517919,2486.04,2271840,21517920,4.69443e+08,21517911,3.90469e+08,0,0,0,0,1558796,1558796,2.82863e+07,8.59913e+08
random_grid,13,"A* with AggregatedTwoLevelBucketQueue (a=20, b=1)",21294,19959115,21504400,2467.48,2271840,21504401,4.59516e+08,21504392,3.84523e+08,0,0,0,0,1545277,1545277,2.76313e+07,8.44039e+08
random_grid,13,"A* with AggregatedTwoLevelBucketQueue (a=25, b=1)",21294,19959115,21496029,2460.37,2271840,21496030,4.5424e+08,21496021,3.82836e+08,0,0,0,0,1536906,1536906,2.73717e+07,8.37077e+08
random_grid,13,"A* with AggregatedTwoLevelBucketQueue (a=50, b=1)",21294,19959115,21479127,2480.66,2271840,21479128,4.44649e+08,21479119,3.80979e+08,0,0,0,0,1520004,1520004,2.69606e+07,8.25628e+08
random_grid,13,"A* with AggregatedTwoLevelBucketQueue (a=100, b=1)",21294,19959115,21470646,2494.45,2271840,21470647,4.33375e+08,21470638,3.77323e+08,0,0,0,0,1511523,1511523,2.65634e+07,8.10698e+08
random_grid,13,"A* with AggregatedTwoLevelBucketQueue (a=150, b=1)",21294,19959115,21467753,2430.08,2271840,21467754,4.18704e+08,21467745,3.66476e+08,0,0,0,0,1508630,1508630,2.57538e+07,7.8518e+08
random_grid,13,"A* with AggregatedTwoLevelBucketQueue (a=200, b=1)",21294,19959115,21466294,2431.78,2271840,21466295,4.13621e+08,21466286,3.66129e+08,0,0,0,0,1507171,1507171,2.57063e+07,7.79751e+08
random_grid,13,"A* with AggregatedTwoLevelBucketQueue (a=250, b=1)",21294,19959115,21465425,2449.37,2271840,21465426,4.13623e+08,21465417,3.65544e+08,0,0,0,0,1506302,1506302,2.56515e+07,7.79167e+08
random_grid,14,"A* with IndexedHeap (D=2)",21252,19958701,21922988,4186.61,2271840,19958706,4.85216e+08,19958701,1.87277e+09,0,0,1964283,6.47194e+07,0,1964283,0,2.42271e+09
random_grid,14,"A* with AggregatedTwoLevelBucketQueue (a=1, b=1)",21252,19958701,21921221,3072.56,2271840,21921222,8.45038e+08,21921216,5.71103e+08,0,0,0,0,1962515,1962516,5.11284e+07,1.41614e+09
random_grid,14,"A* with AggregatedTwoLevelBucketQueue (a=2, b=1)",21252,19958701,21888976,2822.19,2271840,21888977,6.40588e+08,21888971,5.05158e+08,0,0,0,0,1930270,1930271,4.45471e+07,1.14575e+09
random_grid,14,"A* with AggregatedTwoLevelBucketQueue (a=3, b=1)",21252,19958701,21738280,2713.44,2271840,21738281,5.89085e+08,21738275,4.67538e+08,0,0,0,0,1779574,1779575,3.82743e+07,1.05662e+09
random_grid,14,"A* with AggregatedTwoLevelBucketQueue (a=4, b=1)",21252,19958702,21664529,2628.04,2271840,21664530,5.57997e+08,21664525,4.43261e+08,0,0,0,0,1705823,1705824,3.49015e+07,1.00126e+09
random_grid,14,"A* with AggregatedTwoLevelBucketQueue (a=5, b=1)",21252,19958702,21621604,2594.8,2271840,21621605,5.40118e+08,21621600,4.26231e+08,0,0,0,0,1662898,1662899,3.27811e+07,9.66349e+08
random_grid,14,"A* with AggregatedTwoLevelBucketQueue (a=10, b=1)",21252,19958702,21538101,2544.35,2271840,21538102,4.95568e+08,21538097,4.03402e+08,0,0,0,0,1579395,1579396,2.95816e+07,8.9897e+08
random_grid,14,"A* with AggregatedTwoLevelBucketQueue (a=15, b=1)",21252,19958702,21509781,2529.16,2271840,21509782,4.80092e+08,21509777,3.96371e+08,0,0,0,0,1551075,1551076,2.85824e+07,8.76463e+08
random_grid,14,"A* with AggregatedTwoLevelBucketQueue (a=20, b=1)",21252,19958702,21495983,2490.42,2271840,21495984,4.62552e+08,21495979,3.87442e+08,0,0,0,0,1537277,1537278,2.77078e+07,8.49994e+08
random_grid,14,"A* with AggregatedTwoLevelBucketQueue (a=25, b=1)",21252,19958702,21487111,2430.82,2271840,21487112,4.49158e+08,21487107,3.78807e+08,0,0,0,0,1528405,1528406,2.6945e+07,8.27965e+08
random_grid,14,"A* with AggregatedTwoLevelBucketQueue (a=50, b=1)",21252,19958702,21470448,2410.32,2271840,21470449,4.32632e+08,21470444,3.708e+08,0,0,0,0,1511742,1511743,2.61082e+07,8.03432e+08
random_grid,14,"A* with AggregatedTwoLevelBucketQueue (a=100, b=1)",21252,19958702,21462065,2433.97,2271840,21462066,4.22635e+08,21462061,3.67986e+08,0,0,0,0,1503359,1503360,2.57764e+07,7.90621e+08
random_grid,14,"A* with AggregatedTwoLevelBucketQueue (a=150, b=1)",21252,19958702,21459255,2449.38,2271840,21459256,4.1799e+08,21459251,3.67017e+08,0,0,0,0,1500549,1500550,2.56638e+07,7.85007e+08
random_grid,14,"A* with AggregatedTwoLevelBucketQueue (a=200, b=1)",21252,19958702,21457826,2414.51,2271840,21457827,4.11e+08,21457822,3.62774e+08,0,0,0,0,1499120,1499121,2.53447e+07,7.73775e+08
random_grid,14,"A* with AggregatedTwoLevelBucketQueue (a=250, b=1)",21252,19958702,21457008,2433.25,2271840,21457009,4.09119e+08,21457004,3.6042e+08,0,0,0,0,1498302,1498303,2.51674e+07,7.69539e+08
random_grid,16,"A* with IndexedHeap (D=2)",21326,19958131,21927809,4298.4,2271840,19958138,4.96054e+08,19958131,1.92155e+09,0,0,1969672,6.66635e+07,0,1969672,0,2.48427e+09
random_grid,16,"A* with AggregatedTwoLevelBucketQueue (a=1, b=1)",21326,19958131,21925868,3241.57,2271840,21925869,8.86286e+08,21925860,6.01731e+08,0,0,0,0,1967729,1967731,5.40022e+07,1.48802e+09
random_grid,16,"A* with AggregatedTwoLevelBucketQueue (a=2, b=1)",21326,19958131,21893444,2860.96,2271840,21893445,6.53089e+08,21893436,5.03752e+08,0,0,0,0,1935305,1935307,4.45299e+07,1.15684e+09
random_grid,16,"A* with AggregatedTwoLevelBucketQueue (a=3, b=1)",21326,19958131,21741696,2680.72,2271840,21741697,5.87471e+08,21741688,4.63757e+08,0,0,0,0,1783557,1783559,3.80438e+07,1.05123e+09
random_grid,16,"A* with AggregatedTwoLevelBucketQueue (a=4, b=1)",21326,19958131,21668243,2610.09,2271840,21668244,5.53508e+08,21668235,4.36629e+08,0,0,0,0,1710104,1710106,3.44597e+07,9.90137e+08
random_grid,16,"A* with AggregatedTwoLevelBucketQueue (a=5, b=1)",21326,19958131,21625119,2554.39,2271840,21625120,5.24541e+08,21625111,4.20979e+08,0,0,0,0,1666980,1666982,3.24513e+07,9.45519e+08
random_grid,16,"A* with AggregatedTwoLevelBucketQueue (a=10, b=1)",21326,19958133,21540806,2455.41,2271840,21540807,4.74593e+08,21540800,3.92033e+08,0,0,0,0,1582667,1582669,2.88038e+07,8.66626e+08
random_grid,16,"A* with AggregatedTwoLevelBucketQueue (a=15, b=1)",21326,19958133,21512116,2427.28,2271840,21512117,4.56084e+08,21512110,3.80937e+08,0,0,0,0,1553977,1553979,2.75178e+07,8.37021e+08
random_grid,16,"A* with AggregatedTwoLevelBucketQueue (a=20, b=1)",21326,19958133,21498497,2401.95,2271840,21498498,4.47035e+08,21498491,3.75009e+08,0,0,0,0,1540358,1540360,2.68692e+07,8.22043e+08
random_grid,16,"A* with AggregatedTwoLevelBucketQueue (a=25, b=1)",21326,19958133,21489796,2466.62,2271840,21489797,4.48428e+08,21489790,3.78486e+08,0,0,0,0,1531657,1531659,2.69761e+07,8.26914e+08
random_grid,16,"A* with AggregatedTwoLevelBucketQueue (a=50, b=1)",21326,19958133,21473050,2436.2,2271840,21473051,4.36715e+08,21473044,3.74088e+08,0,0,0,0,1514911,1514913,2.63917e+07,8.10803e+08
random_grid,16,"A* with AggregatedTwoLevelBucketQueue (a=100, b=1)",21326,19958133,21464456,2435.12,2271840,21464457,4.249e+08,21464450,3.7088e+08,0,0,0,0,1506317,1506319,2.60273e+07,7.9578e+08
random_grid,16,"A* with AggregatedTwoLevelBucketQueue (a=150, b=1)",21326,19958133,21461673,2470.08,2271840,21461674,4.25067e+08,21461667,3.74054e+08,0,0,0,0,1503534,1503536,2.6205e+07,7.99121e+08
random_grid,16,"A* with AggregatedTwoLevelBucketQueue (a=200, b=1)",21326,19958133,21460262,2514.32,2271840,21460263,4.26466e+08,21460256,3.77142e+08,0,0,0,0,1502123,1502125,2.63982e+07,8.03607e+08
random_grid,16,"A* with AggregatedTwoLevelBucketQueue (a=250, b=1)",21326,19958133,21459437,2476.77,2271840,21459438,4.18215e+08,21459431,3.70521e+08,0,0,0,0,1501298,1501300,2.59216e+07,7.88736e+08
random_grid,17,"A* with IndexedHeap (D=2)",21271,19962803,21934702,4190.69,2271840,19962810,4.88166e+08,19962803,1.87318e+09,0,0,1971893,6.58618e+07,0,1971893,0,2.42721e+09
random_grid,17,"A* with AggregatedTwoLevelBucketQueue (a=1, b=1)",21271,19962803,21932880,3147.77,2271840,21932881,8.7519e+08,21932874,5.82475e+08,0,0,0,0,1970071,1970071,5.23195e+07,1.45767e+09
random_grid,17,"A* with AggregatedTwoLevelBucketQueue (a=2, b=1)",21271,19962803,21900342,2795.63,2271840,21900343,6.51102e+08,21900336,4.93082e+08,0,0,0,0,1937533,1937533,4.36232e+07,1.14418e+09
random_grid,17,"A* with AggregatedTwoLevelBucketQueue (a=3, b=1)",21271,19962803,21749495,2677.25,2271840,21749496,5.871e+08,21749489,4.59304e+08,0,0,0,0,1786686,1786686,3.77311e+07,1.0464e+09
random_grid,17,"A* with AggregatedTwoLevelBucketQueue (a=4, b=1)",21271,19962803,21675350,2607.46,2271840,21675351,5.50773e+08,21675344,4.40019e+08,0,0,0,0,1712541,1712541,3.47653e+07,9.90792e+08
random_grid,17,"A* with AggregatedTwoLevelBucketQueue (a=5, b=1)",21271,19962803,21632677,2582.46,2271840,21632678,5.29784e+08,21632671,4.27316e+08,0,0,0,0,1669868,1669868,3.29854e+07,9.57101e+08
random_grid,17,"A* with AggregatedTwoLevelBucketQueue (a=10, b=1)",21271,19962803,21548456,2500.51,2271840,21548457,4.83521e+08,21548450,3.98205e+08,0,0,0,0,1585647,1585647,2.9302e+07,8.81726e+08
random_grid,17,"A* with AggregatedTwoLevelBucketQueue (a=15, b=1)",21271,19962803,21519923,2694.97,2271840,21519924,4.85411e+08,21519917,4.02682e+08,0,0,0,0,1557114,1557114,2.91368e+07,8.88093e+08
random_grid,17,"A* with AggregatedTwoLevelBucketQueue (a=20, b=1)",21271,19962803,21506290,2728.51,2271840,21506291,4.82513e+08,21506284,4.03954e+08,0,0,0,0,1543481,1543481,2.89913e+07,8.86467e+08
random_grid,17,"A* with AggregatedTwoLevelBucketQueue (a=25, b=1)",21271,19962803,21497796,2553.81,2271840,21497797,4.65662e+08,21497790,3.90731e+08,0,0,0,0,1534987,1534987,2.7899e+07,8.56392e+08
random_grid,17,"A* with AggregatedTwoLevelBucketQueue (a=50, b=1)",21271,19962803,21480866,2472.92,2271840,21480867,4.4644e+08,21480860,3.82025e+08,0,0,0,0,1518057,1518057,2.69978e+07,8.28464e+08
random_grid,17,"A* with AggregatedTwoLevelBucketQueue (a=100, b=1)",21271,19962803,21472454,2521.11,2271840,21472455,4.28575e+08,21472448,3.73856e+08,0,0,0,0,1509645,1509645,2.62844e+07,8.02432e+08
random_grid,17,"A* with AggregatedTwoLevelBucketQueue (a=150, b=1)",21271,19962803,21469534,2723.81,2271840,21469535,4.371e+08,21469528,3.82333e+08,0,0,0,0,1506725,1506725,2.6832e+07,8.19433e+08
random_grid,17,"A* with AggregatedTwoLevelBucketQueue (a=200, b=1)",21271,19962803,21468261,2682.56,2271840,21468262,4.34159e+08,21468255,3.77881e+08,0,0,0,0,1505452,1505452,2.64987e+07,8.1204e+08
random_grid,17,"A* with AggregatedTwoLevelBucketQueue (a=250, b=1)",21271,19962803,21467431,2688.54,2271840,21467432,4.28014e+08,21467425,3.78456e+08,0,0,0,0,1504622,1504622,2.65255e+07,8.06471e+08
random_grid,18,"A* with IndexedHeap (D=2)",21296,19959945,21927852,4703.14,2271840,19959949,5.01647e+08,19959945,1.99754e+09,0,0,1967904,6.78491e+07,0,1967904,0,2.56703e+09
random_grid,18,"A* with AggregatedTwoLevelBucketQueue (a=1, b=1)",21296,19959945,21925917,3611.52,2271840,21925918,9.5936e+08,21925909,6.6817e+08,0,0,0,0,1965964,1965969,5.99108e+07,1.62753e+09
random_grid,18,"A* with AggregatedTwoLevelBucketQueue (a=2, b=1)",21296,19959945,21893105,3187.94,2271840,21893106,6.9414e+08,21893097,5.46194e+08,0,0,0,0,1933152,1933157,4.82287e+07,1.24033e+09
random_grid,18,"A* with AggregatedTwoLevelBucketQueue (a=3, b=1)",21296,19959945,21742091,3030.95,2271840,21742092,6.29317e+08,21742084,5.0685e+08,0,0,0,0,1782139,1782143,4.15451e+07,1.13617e+09
random_grid,18,"A* with AggregatedTwoLevelBucketQueue (a=4, b=1)",21296,19959945,21668795,3008.43,2271840,21668796,6.0481e+08,21668788,4.85951e+08,0,0,0,0,1708843,1708847,3.83231e+07,1.09076e+09
random_grid,18,"A* with AggregatedTwoLevelBucketQueue (a=5, b=1)",21296,19959945,21626970,2970.72,2271840,21626971,5.7826e+08,21626963,4.70236e+08,0,0,0,0,1667018,1667022,3.62461e+07,1.0485e+09
random_grid,18,"A* with AggregatedTwoLevelBucketQueue (a=10, b=1)",21296,19959945,21542699,2738.9,2271840,21542700,5.04034e+08,21542692,4.19199e+08,0,0,0,0,1582747,1582751,3.07987e+07,9.23233e+08
random_grid,18,"A* with AggregatedTwoLevelBucketQueue (a=15, b=1)",21296,19959945,21514624,2706.32,2271840,21514625,4.81386e+08,21514617,4.01372e+08,0,0,0,0,1554672,1554676,2.90037e+07,8.82759e+08
random_grid,18,"A* with AggregatedTwoLevelBucketQueue (a=20, b=1)",21296,19959945,21500723,2531.49,2271840,21500724,4.64718e+08,21500716,3.88389e+08,0,0,0,0,1540771,1540775,2.78325e+07,8.53108e+08
random_grid,18,"A* with AggregatedTwoLevelBucketQueue (a=25, b=1)",21296,19959945,21492551,2465.85,2271840,21492552,4.51372e+08,21492544,3.81152e+08,0,0,0,0,1532599,1532603,2.71794e+07,8.32524e+08
random_grid,18,"A* with AggregatedTwoLevelBucketQueue (a=50, b=1)",21296,19959945,21475461,2434.06,2271840,21475462,4.35817e+08,21475454,3.74176e+08,0,0,0,0,1515509,1515513,2.64053e+07,8.09993e+08
random_grid,18,"A* with AggregatedTwoLevelBucketQueue (a=100, b=1)",21296,19959945,21466965,2426.15,2271840,21466966,4.22209e+08,21466958,3.69302e+08,0,0,0,0,1507013,1507017,2.59255e+07,7.9151e+08
random_grid,18,"A* with AggregatedTwoLevelBucketQueue (a=150, b=1)",21296,19959945,21464302,2408.72,2271840,21464303,4.14154e+08,21464295,3.64118e+08,0,0,0,0,1504350,1504354,2.55196e+07,7.78271e+08
random_grid,18,"A* with AggregatedTwoLevelBucketQueue (a=200, b=1)",21296,19959945,21462851,2450.81,2271840,21462852,4.16752e+08,21462844,3.68941e+08,0,0,0,0,1502899,1502903,2.58344e+07,7.85692e+08
random_grid,18,"A* with AggregatedTwoLevelBucketQueue (a=250, b=1)",21296,19959945,21461975,2491.4,2271840,21461976,4.18106e+08,21461968,3.71998e+08,0,0,0,0,1502023,1502027,2.60344e+07,7.90104e+08
random_grid,19,"A* with IndexedHeap (D=2)",21293,19959128,21933905,4303.37,2271840,19959132,4.92676e+08,19959128,1.92137e+09,0,0,1974774,6.66081e+07,0,1974774,0,2.48065e+09
random_grid,19,"A* with AggregatedTwoLevelBucketQueue (a=1, b=1)",21293,19959128,21932091,3220.42,2271840,21932092,8.87723e+08,21932087,5.97176e+08,0,0,0,0,1972959,1972960,5.37205e+07,1.4849e+09
random_grid,19,"A* with AggregatedTwoLevelBucketQueue (a=2, b=1)",21293,19959128,21899633,2837.42,2271840,21899634,6.53437e+08,21899629,5.05688e+08,0,0,0,0,1940501,1940502,4.48084e+07,1.15912e+09
random_grid,19,"A* with AggregatedTwoLevelBucketQueue (a=3, b=1)",21293,19959128,21747396,2745.39,2271840,21747397,5.97669e+08,21747393,4.74366e+08,0,0,0,0,1788265,1788265,3.90066e+07,1.07203e+09
random_grid,19,"A* with AggregatedTwoLevelBucketQueue (a=4, b=1)",21293,19959128,21672857,2652.58,2271840,21672858,5.59834e+08,21672854,4.46852e+08,0,0,0,0,1713726,1713726,3.53337e+07,1.00669e+09
random_grid,19,"A* with AggregatedTwoLevelBucketQueue (a=5, b=1)",21293,19959128,21630500,2636.25,2271840,21630501,5.42949e+08,21630497,4.374e+08,0,0,0,0,1671369,1671369,3.37975e+07,9.80349e+08
random_grid,19,"A* with AggregatedTwoLevelBucketQueue (a=10, b=1)",21293,19959128,21545608,2507.28,2271840,21545609,4.86746e+08,21545605,4.01001e+08,0,0,0,0,1586477,1586477,2.95271e+07,8.87747e+08
random_grid,19,"A* with AggregatedTwoLevelBucketQueue (a=15, b=1)",21293,19959128,21517837,2466.23,2271840,21517838,4.66768e+08,21517834,3.87321e+08,0,0,0,0,1558706,1558706,2.80567e+07,8.54089e+08
random_grid,19,"A* with AggregatedTwoLevelBucketQueue (a=20, b=1)",21293,19959128,21503316,2454.12,2271840,21503317,4.54036e+08,21503313,3.82476e+08,0,0,0,0,1544185,1544185,2.74662e+07,8.36513e+08
random_grid,19,"A* with AggregatedTwoLevelBucketQueue (a=25, b=1)",21293,19959128,21494971,2429.68,2271840,21494972,4.48232e+08,21494968,3.77662e+08,0,0,0,0,1535840,1535840,2.69844e+07,8.25894e+08
random_grid,19,"A* with AggregatedTwoLevelBucketQueue (a=50, b=1)",21293,19959128,21477996,2425.79,2271840,21477997,4.37098e+08,21477993,3.7473e+08,0,0,0,0,1518865,1518865,2.64999e+07,8.11828e+08
random_grid,19,"A* with AggregatedTwoLevelBucketQueue (a=100, b=1)",21293,19959128,21469539,2428.58,2271840,21469540,4.24922e+08,21469536,3.69585e+08,0,0,0,0,1510408,1510408,2.60008e+07,7.94507e+08
random_grid,19,"A* with AggregatedTwoLevelBucketQueue (a=150, b=1)",21293,19959128,21466715,2445.73,2271840,21466716,4.19568e+08,21466712,3.71382e+08,0,0,0,0,1507584,1507584,2.60818e+07,7.9095e+08
random_grid,19,"A* with AggregatedTwoLevelBucketQueue (a=200, b=1)",21293,19959128,21465251,2464.53,2271840,21465252,4.17163e+08,21465248,3.70344e+08,0,0,0,0,1506120,1506120,2.59854e+07,7.87508e+08
random_grid,19,"A* with AggregatedTwoLevelBucketQueue (a=250, b=1)",21293,19959128,21464469,2468.12,2271840,21464470,4.17263e+08,21464466,3.69274e+08,0,0,0,0,1505338,1505338,2.58978e+07,7.86537e+08
random_grid,20,"A* with IndexedHeap (D=2)",21287,19963360,21934838,4285.28,2271840,19963367,4.91649e+08,19963360,1.91316e+09,0,0,1971472,6.63488e+07,0,1971472,0,2.47116e+09
random_grid,20,"A* with AggregatedTwoLevelBucketQueue (a=1, b=1)",21287,19963360,21932919,3201.99,2271840,21932920,8.80499e+08,21932912,6.01827e+08,0,0,0,0,1969552,1969553,5.40434e+07,1.48233e+09
random_grid,20,"A* with AggregatedTwoLevelBucketQueue (a=2, b=1)",21287,19963360,21900632,2805.43,2271840,21900633,6.40524e+08,21900625,5.01811e+08,0,0,0,0,1937265,1937266,4.43887e+07,1.14234e+09
random_grid,20,"A* with AggregatedTwoLevelBucketQueue (a=3, b=1)",21287,19963360,21749794,2692.14,2271840,21749795,5.86703e+08,21749787,4.62986e+08,0,0,0,0,1786427,1786428,3.80275e+07,1.04969e+09
random_grid,20,"A* with AggregatedTwoLevelBucketQueue (a=4, b=1)",21287,19963360,21675835,2630.56,2271840,21675836,5.56404e+08,21675828,4.39968e+08,0,0,0,0,1712468,1712469,3.4759e+07,9.96372e+08
random_grid,20,"A* with AggregatedTwoLevelBucketQueue (a=5, b=1)",21287,19963360,21633450,2588.87,2271840,21633451,5.34301e+08,21633443,4.28847e+08,0,0,0,0,1670083,1670084,3.31066e+07,9.63148e+08
random_grid,20,"A* with AggregatedTwoLevelBucketQueue (a=10, b=1)",21287,19963360,21549059,2501.92,2271840,21549060,4.84327e+08,21549053,3.97309e+08,0,0,0,0,1585693,1585693,2.92361e+07,8.81636e+08
random_grid,20,"A* with AggregatedTwoLevelBucketQueue (a=15, b=1)",21287,19963360,21521266,2456.18,2271840,21521267,4.64084e+08,21521259,3.86936e+08,0,0,0,0,1557899,1557900,2.80099e+07,8.5102e+08
random_grid,20,"A* with AggregatedTwoLevelBucketQueue (a=20, b=1)",21287,19963360,21506935,2443.31,2271840,21506936,4.56348e+08,21506929,3.81249e+08,0,0,0,0,1543569,1543569,2.73625e+07,8.37597e+08
random_grid,20,"A* with AggregatedTwoLevelBucketQueue (a=25, b=1)",21287,19963360,21498607,2445.5,2271840,21498608,4.51386e+08,21498601,3.79237e+08,0,0,0,0,1535241,1535241,2.70818e+07,8.30623e+08
random_grid,20,"A* with AggregatedTwoLevelBucketQueue (a=50, b=1)",21287,19963360,21481581,2455.4,2271840,21481582,4.41223e+08,21481575,3.7696e+08,0,0,0,0,1518215,1518215,2.66417e+07,8.18182e+08
random_grid,20,"A* with AggregatedTwoLevelBucketQueue (a=100, b=1)",21287,19963360,21473155,2464.12,2271840,21473156,4.30908e+08,21473149,3.75249e+08,0,0,0,0,1509789,1509789,2.6384e+07,8.06158e+08
random_grid,20,"A* with AggregatedTwoLevelBucketQueue (a=150, b=1)",21287,19963360,21470258,2452.7,2271840,21470259,4.21165e+08,21470252,3.71245e+08,0,0,0,0,1506892,1506892,2.60559e+07,7.9241e+08
random_grid,20,"A* with AggregatedTwoLevelBucketQueue (a=200, b=1)",21287,19963360,21468850,2459.63,2271840,21468851,4.1828e+08,21468844,3.69701e+08,0,0,0,0,1505484,1505484,2.59249e+07,7.87981e+08
random_grid,20,"A* with AggregatedTwoLevelBucketQueue (a=250, b=1)",21287,19963360,21467952,2480.62,2271840,21467953,4.18322e+08,21467946,3.68225e+08,0,0,0,0,1504586,1504586,2.58071e+07,7.86547e+08
random_grid,21,"A* with IndexedHeap (D=2)",21251,19957765,21925280,4268.59,2271840,19957769,4.92184e+08,19957765,1.91306e+09,0,0,1967512,6.71796e+07,0,1967512,0,2.47242e+09
random_grid,21,"A* with AggregatedTwoLevelBucketQueue (a=1, b=1)",21251,19957765,21923229,3203.17,2271840,21923230,8.79087e+08,21923226,5.9893e+08,0,0,0,0,1965461,1965461,5.36952e+07,1.47802e+09
random_grid,21,"A* with AggregatedTwoLevelBucketQueue (a=2, b=1)",21251,19957765,21890588,2857.43,2271840,21890589,6.53297e+08,21890585,5.13844e+08,0,0,0,0,1932820,1932820,4.53697e+07,1.16714e+09
random_grid,21,"A* with AggregatedTwoLevelBucketQueue (a=3, b=1)",21251,19957765,21739162,2713.97,2271840,21739163,5.90507e+08,21739159,4.68166e+08,0,0,0,0,1781394,1781394,3.83634e+07,1.05867e+09
random_grid,21,"A* with AggregatedTwoLevelBucketQueue (a=4, b=1)",21251,19957765,21665833,2655.74,2271840,21665834,5.62413e+08,21665830,4.46875e+08,0,0,0,0,1708065,1708065,3.52302e+07,1.00929e+09
random_grid,21,"A* with AggregatedTwoLevelBucketQueue (a=5, b=1)",21251,19957765,21623414,2619.27,2271840,21623415,5.39384e+08,21623411,4.33929e+08,0,0,0,0,1665646,1665646,3.34254e+07,9.73313e+08
random_grid,21,"A* with AggregatedTwoLevelBucketQueue (a=10, b=1)",21251,19957765,21539096,2494.1,2271840,21539097,4.86613e+08,21539093,3.98085e+08,0,0,0,0,1581328,1581328,2.92261e+07,8.84698e+08
random_grid,21,"A* with AggregatedTwoLevelBucketQueue (a=15, b=1)",21251,19957765,21511019,2465.87,2271840,21511020,4.66371e+08,21511016,3.89312e+08,0,0,0,0,1553251,1553251,2.81111e+07,8.55683e+08
random_grid,21,"A* with AggregatedTwoLevelBucketQueue (a=20, b=1)",21251,19957765,21497063,2451.01,2271840,21497064,4.57224e+08,21497060,3.80444e+08,0,0,0,0,1539295,1539295,2.72417e+07,8.37668e+08
random_grid,21,"A* with AggregatedTwoLevelBucketQueue (a=25, b=1)",21251,19957765,21488549,2415.75,2271840,21488550,4.48649e+08,21488546,3.76899e+08,0,0,0,0,1530781,1530781,2.68492e+07,8.25548e+08
random_grid,21,"A* with AggregatedTwoLevelBucketQueue (a=50, b=1)",21251,19957765,21471491,2420.97,2271840,21471492,4.35817e+08,21471488,3.73817e+08,0,0,0,0,1513723,1513723,2.63538e+07,8.09634e+08
random_grid,21,"A* with AggregatedTwoLevelBucketQueue (a=100, b=1)",21251,19957765,21463071,2437.78,2271840,21463072,4.26911e+08,21463068,3.72641e+08,0,0,0,0,1505303,1505303,2.6135e+07,7.99552e+08
random_grid,21,"A* with AggregatedTwoLevelBucketQueue (a=150, b=1)",21251,19957765,21460261,2451.02,2271840,21460262,4.21531e+08,21460258,3.69723e+08,0,0,0,0,1502493,1502493,2.58853e+07,7.91254e+08
random_grid,21,"A* with AggregatedTwoLevelBucketQueue (a=200, b=1)",21251,19957765,21458858,2472.1,2271840,21458859,4.19457e+08,21458855,3.69959e+08,0,0,0,0,1501090,1501090,2.58794e+07,7.89416e+08
random_grid,21,"A* with AggregatedTwoLevelBucketQueue (a=250, b=1)",21251,19957765,21458014,2451.39,2271840,21458015,4.14968e+08,21458011,3.72108e+08,0,0,0,0,1500246,1500246,2.60161e+07,7.87077e+08
random_grid,22,"A* with IndexedHeap (D=2)",21222,19954454,21920697,4286.03,2271840,19954456,4.91612e+08,19954454,1.92343e+09,0,0,1966242,6.67781e+07,0,1966242,0,2.48183e+09
random_grid,22,"A* with AggregatedTwoLevelBucketQueue (a=1, b=1)",21222,19954454,21918493,3176.88,2271840,21918494,8.72266e+08,21918492,5.96467e+08,0,0,0,0,1964038,1964038,5.34472e+07,1.46873e+09
random_grid,22,"A* with AggregatedTwoLevelBucketQueue (a=2, b=1)",21222,19954454,21885957,2819.78,2271840,21885958,6.43567e+08,21885956,5.14889e+08,0,0,0,0,1931502,1931502,4.54405e+07,1.15846e+09
random_grid,22,"A* with AggregatedTwoLevelBucketQueue (a=3, b=1)",21222,19954454,21735222,2714.16,2271840,21735223,5.91864e+08,21735221,4.66412e+08,0,0,0,0,1780767,1780767,3.82131e+07,1.05828e+09
random_grid,22,"A* with AggregatedTwoLevelBucketQueue (a=4, b=1)",21222,19954454,21661332,2639.25,2271840,21661333,5.57438e+08,21661331,4.47849e+08,0,0,0,0,1706877,1706877,3.52898e+07,1.00529e+09
random_grid,22,"A* with AggregatedTwoLevelBucketQueue (a=5, b=1)",21222,19954454,21619372,2594.5,2271840,21619373,5.36344e+08,21619371,4.3368e+08,0,0,0,0,1664917,1664917,3.33979e+07,9.70024e+08
random_grid,22,"A* with AggregatedTwoLevelBucketQueue (a=10, b=1)",21222,19954454,21535252,2483.83,2271840,21535253,4.84701e+08,21535251,3.96233e+08,0,0,0,0,1580797,1580797,2.90855e+07,8.80934e+08
random_grid,22,"A* with AggregatedTwoLevelBucketQueue (a=15, b=1)",21222,19954454,21507224,2475.14,2271840,21507225,4.67838e+08,21507223,3.86726e+08,0,0,0,0,1552769,1552769,2.79207e+07,8.54564e+08
random_grid,22,"A* with AggregatedTwoLevelBucketQueue (a=20, b=1)",21222,19954454,21493376,2441.7,2271840,21493377,4.58598e+08,21493375,3.80454e+08,0,0,0,0,1538921,1538921,2.72405e+07,8.39053e+08
random_grid,22,"A* with AggregatedTwoLevelBucketQueue (a=25, b=1)",21222,19954454,21485065,2423.68,2271840,21485066,4.49703e+08,21485064,3.76647e+08,0,0,0,0,1530610,1530610,2.68326e+07,8.26349e+08
random_grid,22,"A* with AggregatedTwoLevelBucketQueue (a=50, b=1)",21222,19954454,21468234,2413.98,2271840,21468235,4.32102e+08,21468233,3.70047e+08,0,0,0,0,1513779,1513779,2.6093e+07,8.0215e+08
random_grid,22,"A* with AggregatedTwoLevelBucketQueue (a=100, b=1)",21222,19954454,21459940,2409.89,2271840,21459941,4.22073e+08,21459939,3.68433e+08,0,0,0,0,1505485,1505485,2.58467e+07,7.90506e+08
random_grid,22,"A* with AggregatedTwoLevelBucketQueue (a=150, b=1)",21222,19954454,21457008,2424.58,2271840,21457009,4.16052e+08,21457007,3.66138e+08,0,0,0,0,1502553,1502553,2.56393e+07,7.8219e+08
random_grid,22,"A* with AggregatedTwoLevelBucketQueue (a=200, b=1)",21222,19954454,21455608,2440.88,2271840,21455609,4.17708e+08,21455607,3.67443e+08,0,0,0,0,1501153,1501153,2.57084e+07,7.85151e+08
random_grid,22,"A* with AggregatedTwoLevelBucketQueue (a=250, b=1)",21222,19954454,21454802,2434.24,2271840,21454803,4.13926e+08,21454801,3.65972e+08,0,0,0,0,1500347,1500347,2.55927e+07,7.79899e+08
random_grid,23,"A* with IndexedHeap (D=2)",21233,19961234,21930892,4290.38,2271840,19961244,4.88642e+08,19961234,1.92294e+09,0,0,1969649,6.59421e+07,0,1969649,0,2.47752e+09
random_grid,23,"A* with AggregatedTwoLevelBucketQueue (a=1, b=1)",21233,19961234,21929054,3202.68,2271840,21929055,8.83319e+08,21929042,5.99232e+08,0,0,0,0,1967808,1967811,5.37723e+07,1.48255e+09
random_grid,23,"A* with AggregatedTwoLevelBucketQueue (a=2, b=1)",21233,19961235,21896254,2835.35,2271840,21896255,6.46585e+08,21896243,5.03603e+08,0,0,0,0,1935008,1935011,4.45043e+07,1.15019e+09
random_grid,23,"A* with AggregatedTwoLevelBucketQueue (a=3, b=1)",21233,19961235,21745912,2707.01,2271840,21745913,5.88469e+08,21745901,4.65545e+08,0,0,0,0,1784666,1784669,3.82069e+07,1.05401e+09
random_grid,23,"A* with AggregatedTwoLevelBucketQueue (a=4, b=1)",21233,19961235,21672325,2630.75,2271840,21672326,5.57286e+08,21672314,4.41539e+08,0,0,0,0,1711079,1711082,3.48605e+07,9.98824e+08
random_grid,23,"A* with AggregatedTwoLevelBucketQueue (a=5, b=1)",21233,19961235,21630017,2577.77,2271840,21630018,5.38383e+08,21630006,4.25432e+08,0,0,0,0,1668771,1668774,3.28224e+07,9.63815e+08
random_grid,23,"A* with AggregatedTwoLevelBucketQueue (a=10, b=1)",21233,19961238,21546139,2514.15,2271840,21546140,4.88439e+08,21546129,3.97488e+08,0,0,0,0,1584891,1584894,2.92385e+07,8.85927e+08
random_grid,23,"A* with AggregatedTwoLevelBucketQueue (a=15, b=1)",21233,19961240,21518222,2498.4,2271840,21518223,4.7001e+08,21518214,3.8928e+08,0,0,0,0,1556974,1556977,2.81668e+07,8.5929e+08
random_grid,23,"A* with AggregatedTwoLevelBucketQueue (a=20, b=1)",21233,19961240,21504319,2442.42,2271840,21504320,4.55756e+08,21504311,3.80399e+08,0,0,0,0,1543071,1543074,2.7296e+07,8.36154e+08
random_grid,23,"A* with AggregatedTwoLevelBucketQueue (a=25, b=1)",21233,19961240,21495536,2428.55,2271840,21495537,4.48313e+08,21495528,3.77626e+08,0,0,0,0,1534288,1534291,2.69538e+07,8.25939e+08
random_grid,23,"A* with AggregatedTwoLevelBucketQueue (a=50, b=1)",21233,19961240,21478805,2427.63,2271840,21478806,4.35018e+08,21478797,3.71818e+08,0,0,0,0,1517557,1517560,2.62703e+07,8.06836e+08
random_grid,23,"A* with AggregatedTwoLevelBucketQueue (a=100, b=1)",21233,19961240,21470390,2422.05,2271840,21470391,4.2352e+08,21470382,3.69049e+08,0,0,0,0,1509142,1509145,2.59402e+07,7.92569e+08
random_grid,23,"A* with AggregatedTwoLevelBucketQueue (a=150, b=1)",21233,19961240,21467667,2433.12,2271840,21467668,4.18719e+08,21467659,3.67125e+08,0,0,0,0,1506419,1506422,2.57617e+07,7.85844e+08
random_grid,23,"A* with AggregatedTwoLevelBucketQueue (a=200, b=1)",21233,19961240,21466167,2448.2,2271840,21466168,4.18501e+08,21466159,3.68373e+08,0,0,0,0,1504919,1504922,2.58254e+07,7.86874e+08
random_grid,23,"A* with AggregatedTwoLevelBucketQueue (a=250, b=1)",21233,19961240,21465354,2450.85,2271840,21465355,4.15511e+08,21465346,3.67615e+08,0,0,0,0,1504106,1504109,2.57593e+07,7.83126e+08
random_grid,24,"A* with IndexedHeap (D=2)",21343,19956036,21925616,4285.19,2271840,19956036,4.8992e+08,19956036,1.91471e+09,0,0,1969581,6.57194e+07,0,1969581,0,2.47035e+09
random_grid,24,"A* with AggregatedTwoLevelBucketQueue (a=1, b=1)",21343,19956036,21923574,3172.25,2271840,21923575,8.71472e+08,21923575,5.93831e+08,0,0,0,0,1967539,1967539,5.32935e+07,1.4653e+09
random_grid,24,"A* with AggregatedTwoLevelBucketQueue (a=2, b=1)",21343,19956036,21890823,2837.16,2271840,21890824,6.53018e+08,21890824,5.04832e+08,0,0,0,0,1934788,1934788,4.46188e+07,1.15785e+09
random_grid,24,"A* with AggregatedTwoLevelBucketQueue (a=3, b=1)",21343,19956036,21739164,2694.63,2271840,21739165,5.92699e+08,21739165,4.61982e+08,0,0,0,0,1783129,1783129,3.78935e+07,1.05468e+09
random_grid,24,"A* with AggregatedTwoLevelBucketQueue (a=4, b=1)",21343,19956036,21665702,2633.8,2271840,21665703,5.61892e+08,21665703,4.40128e+08,0,0,0,0,1709667,1709667,3.47311e+07,1.00202e+09
random_grid,24,"A* with AggregatedTwoLevelBucketQueue (a=5, b=1)",21343,19956036,21622189,2591.51,2271840,21622190,5.39366e+08,21622190,4.24903e+08,0,0,0,0,1666154,1666154,3.2742e+07,9.64269e+08
random_grid,24,"A* with AggregatedTwoLevelBucketQueue (a=10, b=1)",21343,19956036,21537617,2489.16,2271840,21537618,4.81754e+08,21537618,3.96037e+08,0,0,0,0,1581582,1581582,2.90824e+07,8.77791e+08
random_grid,24,"A* with AggregatedTwoLevelBucketQueue (a=15, b=1)",21343,19956036,21509539,2463.68,2271840,21509540,4.62434e+08,21509540,3.85177e+08,0,0,0,0,1553504,1553504,2.7819e+07,8.47611e+08
random_grid,24,"A* with AggregatedTwoLevelBucketQueue (a=20, b=1)",21343,19956036,21495612,2437.41,2271840,21495613,4.53863e+08,21495613,3.80651e+08,0,0,0,0,1539577,1539577,2.72633e+07,8.34514e+08
random_grid,24,"A* with AggregatedTwoLevelBucketQueue (a=25, b=1)",21343,19956036,21487357,2430.25,2271840,21487358,4.49712e+08,21487358,3.76631e+08,0,0,0,0,1531322,1531322,2.68411e+07,8.26344e+08
random_grid,24,"A* with AggregatedTwoLevelBucketQueue (a=50, b=1)",21343,19956036,21470254,2437.27,2271840,21470255,4.37893e+08,21470255,3.73028e+08,0,0,0,0,1514219,1514219,2.63083e+07,8.10921e+08
random_grid,24,"A* with AggregatedTwoLevelBucketQueue (a=100, b=1)",21343,19956036,21461778,2441.97,2271840,21461779,4.25905e+08,21461779,3.69533e+08,0,0,0,0,1505743,1505743,2.59262e+07,7.95439e+08
random_grid,24,"A* with AggregatedTwoLevelBucketQueue (a=150, b=1)",21343,19956036,21459101,2444.43,2271840,21459102,4.17054e+08,21459102,3.67729e+08,0,0,0,0,1503066,1503066,2.57569e+07,7.84783e+08
random_grid,24,"A* with AggregatedTwoLevelBucketQueue (a=200, b=1)",21343,19956036,21457680,2448.84,2271840,21457681,4.17875e+08,21457681,3.68122e+08,0,0,0,0,1501645,1501645,2.57618e+07,7.85997e+08
random_grid,24,"A* with AggregatedTwoLevelBucketQueue (a=250, b=1)",21343,19956036,21456878,2469.34,2271840,21456879,4.1462e+08,21456879,3.67429e+08,0,0,0,0,1500843,1500843,2.57005e+07,7.82049e+08
random_grid,25,"A* with IndexedHeap (D=2)",21242,19960008,21933097,4261.52,2271840,19960008,4.88686e+08,19960008,1.90732e+09,0,0,1973090,6.58622e+07,0,1973090,0,2.46187e+09
random_grid,25,"A* with AggregatedTwoLevelBucketQueue (a=1, b=1)",21242,19960008,21930638,3167.63,2271840,21930639,8.73113e+08,21930639,5.91987e+08,0,0,0,0,1970631,1970631,5.31944e+07,1.4651e+09
random_grid,25,"A* with AggregatedTwoLevelBucketQueue (a=2, b=1)",21242,19960008,21897856,2832.54,2271840,21897857,6.53864e+08,21897857,5.05445e+08,0,0,0,0,1937849,1937849,4.47293e+07,1.15931e+09
random_grid,25,"A* with AggregatedTwoLevelBucketQueue (a=3, b=1)",21242,19960008,21746401,2725.54,2271840,21746402,6.00519e+08,21746402,4.68639e+08,0,0,0,0,1786394,1786394,3.84972e+07,1.06916e+09
random_grid,25,"A* with AggregatedTwoLevelBucketQueue (a=4, b=1)",21242,19960008,21672907,2644.57,2271840,21672908,5.65644e+08,21672908,4.44935e+08,0,0,0,0,1712900,1712900,3.51651e+07,1.01058e+09
random_grid,25,"A* with AggregatedTwoLevelBucketQueue (a=5, b=1)",21242,19960008,21630423,2574.8,2271840,21630424,5.33379e+08,21630424,4.28381e+08,0,0,0,0,1670416,1670416,3.30818e+07,9.6176e+08
random_grid,25,"A* with AggregatedTwoLevelBucketQueue (a=10, b=1)",21242,19960008,21546266,2482.15,2271840,21546267,4.82813e+08,21546267,3.95108e+08,0,0,0,0,1586259,1586259,2.90883e+07,8.77921e+08
random_grid,25,"A* with AggregatedTwoLevelBucketQueue (a=15, b=1)",21242,19960008,21517912,2457.91,2271840,21517913,4.6327e+08,21517913,3.84955e+08,0,0,0,0,1557905,1557905,2.78709e+07,8.48225e+08
random_grid,25,"A* with AggregatedTwoLevelBucketQueue (a=20, b=1)",21242,19960008,21503826,2426.73,2271840,21503827,4.5235e+08,21503827,3.79445e+08,0,0,0,0,1543819,1543819,2.72414e+07,8.31795e+08
random_grid,25,"A* with AggregatedTwoLevelBucketQueue (a=25, b=1)",21242,19960008,21495312,2418.65,2271840,21495313,4.48291e+08,21495313,3.77838e+08,0,0,0,0,1535305,1535305,2.69871e+07,8.26129e+08
random_grid,25,"A* with AggregatedTwoLevelBucketQueue (a=50, b=1)",21242,19960008,21478702,2425.19,2271840,21478703,4.36903e+08,21478703,3.70417e+08,0,0,0,0,1518695,1518695,2.61911e+07,8.0732e+08
random_grid,25,"A* with AggregatedTwoLevelBucketQueue (a=100, b=1)",21242,19960008,21470121,2425.03,2271840,21470122,4.2273e+08,21470122,3.68001e+08,0,0,0,0,1510114,1510114,2.58836e+07,7.90731e+08
random_grid,25,"A* with AggregatedTwoLevelBucketQueue (a=150, b=1)",21242,19960008,21467360,2429.43,2271840,21467361,4.18572e+08,21467361,3.68333e+08,0,0,0,0,1507353,1507353,2.58629e+07,7.86905e+08
random_grid,25,"A* with AggregatedTwoLevelBucketQueue (a=200, b=1)",21242,19960008,21465832,2428.7,2271840,21465833,4.15394e+08,21465833,3.66681e+08,0,0,0,0,1505825,1505825,2.57226e+07,7.82074e+08
random_grid,25,"A* with AggregatedTwoLevelBucketQueue (a=250, b=1)",21242,19960008,21465019,2447.5,2271840,21465020,4.14344e+08,21465020,3.66196e+08,0,0,0,0,1505012,1505012,2.56757e+07,7.8054e+08
random_grid,27,"A* with IndexedHeap (D=2)",21261,19959162,21926582,4273.54,2271840,19959172,4.91713e+08,19959162,1.91859e+09,0,0,1967411,6.58018e+07,0,1967411,0,2.47611e+09
random_grid,27,"A* with AggregatedTwoLevelBucketQueue (a=1, b=1)",21261,19959162,21924491,3185.55,2271840,21924492,8.88172e+08,21924480,5.96477e+08,0,0,0,0,1965318,1965320,5.34684e+07,1.48465e+09
random_grid,27,"A* with AggregatedTwoLevelBucketQueue (a=2, b=1)",21261,19959162,21891899,2885.16,2271840,21891900,6.6755e+08,21891888,5.1339e+08,0,0,0,0,1932726,1932728,4.53246e+07,1.18094e+09
random_grid,27,"A* with AggregatedTwoLevelBucketQueue (a=3, b=1)",21261,19959162,21741002,2783.2,2271840,21741003,6.05027e+08,21740991,4.77655e+08,0,0,0,0,1781829,1781831,3.91472e+07,1.08268e+09
random_grid,27,"A* with AggregatedTwoLevelBucketQueue (a=4, b=1)",21261,19959162,21668053,2662.82,2271840,21668054,5.63497e+08,21668042,4.47183e+08,0,0,0,0,1708880,1708882,3.52677e+07,1.01068e+09
random_grid,27,"A* with AggregatedTwoLevelBucketQueue (a=5, b=1)",21261,19959162,21625408,2649.86,2271840,21625409,5.46971e+08,21625397,4.38595e+08,0,0,0,0,1666235,1666237,3.37937e+07,9.85566e+08
random_grid,27,"A* with AggregatedTwoLevelBucketQueue (a=10, b=1)",21261,19959162,21541482,2567.15,2271840,21541483,4.9828e+08,21541471,4.06746e+08,0,0,0,0,1582309,1582311,2.98771e+07,9.05025e+08
random_grid,27,"A* with AggregatedTwoLevelBucketQueue (a=15, b=1)",21261,19959162,21513680,2490.98,2271840,21513681,4.69447e+08,21513669,3.89938e+08,0,0,0,0,1554507,1554509,2.81756e+07,8.59384e+08
random_grid,27,"A* with AggregatedTwoLevelBucketQueue (a=20, b=1)",21261,19959162,21499918,2480.65,2271840,21499919,4.63799e+08,21499907,3.87784e+08,0,0,0,0,1540745,1540747,2.77897e+07,8.51583e+08
random_grid,27,"A* with AggregatedTwoLevelBucketQueue (a=25, b=1)",21261,19959162,21491312,2503.16,2271840,21491313,4.58191e+08,21491301,3.85618e+08,0,0,0,0,1532139,1532141,2.74911e+07,8.43809e+08
random_grid,27,"A* with AggregatedTwoLevelBucketQueue (a=50, b=1)",21261,19959162,21474724,2490.79,2271840,21474725,4.42313e+08,21474713,3.77616e+08,0,0,0,0,1515551,1515553,2.66498e+07,8.19929e+08
random_grid,27,"A* with AggregatedTwoLevelBucketQueue (a=100, b=1)",21261,19959162,21466426,2433.7,2271840,21466427,4.26559e+08,21466415,3.70503e+08,0,0,0,0,1507253,1507255,2.60146e+07,7.97062e+08
random_grid,27,"A* with AggregatedTwoLevelBucketQueue (a=150, b=1)",21261,19959162,21463539,2483.56,2271840,21463540,4.28382e+08,21463528,3.75083e+08,0,0,0,0,1504366,1504368,2.62894e+07,8.03465e+08
random_grid,27,"A* with AggregatedTwoLevelBucketQueue (a=200, b=1)",21261,19959162,21462118,2484.47,2271840,21462119,4.24279e+08,21462107,3.7396e+08,0,0,0,0,1502945,1502947,2.61876e+07,7.98239e+08
random_grid,27,"A* with AggregatedTwoLevelBucketQueue (a=250, b=1)",21261,19959162,21461106,2457.88,2271840,21461107,4.16778e+08,21461095,3.66716e+08,0,0,0,0,1501933,1501935,2.56643e+07,7.83494e+08
random_grid,28,"A* with IndexedHeap (D=2)",21293,19957608,21927235,4316.6,2271840,19957626,4.95586e+08,19957608,1.93643e+09,0,0,1969610,6.73397e+07,0,1969610,0,2.49936e+09
random_grid,28,"A* with AggregatedTwoLevelBucketQueue (a=1, b=1)",21293,19957608,21925374,3209.7,2271840,21925375,8.82618e+08,21925353,5.99912e+08,0,0,0,0,1967745,1967749,5.38406e+07,1.48253e+09
random_grid,28,"A* with AggregatedTwoLevelBucketQueue (a=2, b=1)",21293,19957608,21893148,2847.64,2271840,21893149,6.54248e+08,21893127,5.10167e+08,0,0,0,0,1935519,1935523,4.51026e+07,1.16441e+09
random_grid,28,"A* with AggregatedTwoLevelBucketQueue (a=3, b=1)",21293,19957608,21741119,2716.58,2271840,21741120,5.92012e+08,21741098,4.69101e+08,0,0,0,0,1783490,1783494,3.84818e+07,1.06111e+09
random_grid,28,"A* with AggregatedTwoLevelBucketQueue (a=4, b=1)",21293,19957608,21667978,2644.8,2271840,21667979,5.60108e+08,21667957,4.44218e+08,0,0,0,0,1710349,1710353,3.50641e+07,1.00433e+09
random_grid,28,"A* with AggregatedTwoLevelBucketQueue (a=5, b=1)",21293,19957608,21625316,2597.19,2271840,21625317,5.35693e+08,21625296,4.30571e+08,0,0,0,0,1667688,1667691,3.32045e+07,9.66264e+08
random_grid,28,"A* with AggregatedTwoLevelBucketQueue (a=10, b=1)",21293,19957608,21541091,2502.47,2271840,21541092,4.84455e+08,21541071,3.9853e+08,0,0,0,0,1583463,1583466,2.92956e+07,8.82985e+08
random_grid,28,"A* with AggregatedTwoLevelBucketQueue (a=15, b=1)",21293,19957608,21512996,2461.69,2271840,21512997,4.65392e+08,21512976,3.85926e+08,0,0,0,0,1555368,1555371,2.79021e+07,8.51318e+08
random_grid,28,"A* with AggregatedTwoLevelBucketQueue (a=20, b=1)",21293,19957608,21498931,2450.14,2271840,21498932,4.53793e+08,21498911,3.80739e+08,0,0,0,0,1541303,1541306,2.7296e+07,8.34532e+08
random_grid,28,"A* with AggregatedTwoLevelBucketQueue (a=25, b=1)",21293,19957608,21490248,2438.48,2271840,21490249,4.49812e+08,21490228,3.77633e+08,0,0,0,0,1532620,1532623,2.69317e+07,8.27445e+08
random_grid,28,"A* with AggregatedTwoLevelBucketQueue (a=50, b=1)",21293,19957608,21473418,2430.7,2271840,21473419,4.35215e+08,21473398,3.73721e+08,0,0,0,0,1515790,1515793,2.63806e+07,8.08936e+08
random_grid,28,"A* with AggregatedTwoLevelBucketQueue (a=100, b=1)",21293,19957608,21464917,2443.67,2271840,21464918,4.24152e+08,21464897,3.70101e+08,0,0,0,0,1507289,1507292,2.59889e+07,7.94253e+08
random_grid,28,"A* with AggregatedTwoLevelBucketQueue (a=150, b=1)",21293,19957608,21462166,2439.4,2271840,21462167,4.19742e+08,21462146,3.6973e+08,0,0,0,0,1504538,1504541,2.59188e+07,7.89472e+08
random_grid,28,"A* with AggregatedTwoLevelBucketQueue (a=200, b=1)",21293,19957608,21460617,2445.52,2271840,21460618,4.17061e+08,21460597,3.69899e+08,0,0,0,0,1502989,1502992,2.59058e+07,7.8696e+08
random_grid,28,"A* with AggregatedTwoLevelBucketQueue (a=250, b=1)",21293,19957608,21459891,2466.96,2271840,21459892,4.157e+08,21459871,3.68269e+08,0,0,0,0,1502263,1502266,2.57801e+07,7.83969e+08
